A CELSO;NOVA IGUACU;58;AFONSO CELSO
A PORTO;SAO JOAO DE MERITI;1034;AGOSTINHO PORTO
A SANTA;RIO DE JANEIRO;392;AGUA SANTA
A PRATA;ITABORAI;24;ALDEIA DA PRATA
AT B VISTA;RIO DE JANEIRO;717;ALTO DA BOA VISTA
A BOA VISTA;RIO DE JANEIRO;1;ALTO DA BOA VISTA
A  B VISTA;RIO DE JANEIRO;1;ALTO DA BOA VISTA
A BOAVISTA;RIO DE JANEIRO;1;ALTO DA BOA VISTA
AT BOA VISTA;RIO DE JANEIRO;1;ALTO DA BOA VISTA
AT SERRA;PETROPOLIS;155;ALTO DA SERRA
A PEQUENO;SAO GONCALO;96;ANAIA PEQUENO
A ARAUJO;BELFORD ROXO;239;ANDRADE ARAUJO
A BOM;BARRA MANSA;24;ANO BOM
APOLO II;ITABORAI;96;APOLO II
APOLO III;ITABORAI;304;APOLO III
A COSMOS;RIO DE JANEIRO;5;ARAUJO DE COSMOS
A BRANCA;BELFORD ROXO;584;AREIA BRANCA
JARDIM I BRANCA;BELFORD ROXO;82;AREIA BRANCA
B GUANABARA;RIO DE JANEIRO;5;BAIA DE GUANABARA
B GUANDU;NOVA IGUACU;72;BAIXO GUANDU
B AREIA;MESQUITA;265;BANCO DE AREIA
BC AREIA;MESQUITA;23;BANCO DE AREIA
B DE AREIA;MESQUITA;20;BANCO DE AREIA
B TIJUCA;RIO DE JANEIRO;2884;BARRA DA TIJUCA
B DA TIJUCA;RIO DE JANEIRO;2;BARRA DA TIJUCA
B GUARATIBA;RIO DE JANEIRO;246;BARRA DE GUARATIBA
B S JOAO;CASIMIRO DE ABREU;39;BARRA DE SAO JOAO
B NOVA;SAQUAREMA;23;BARRA NOVA
B BRANCO;DUQUE DE CAXIAS;186;BARRO BRANCO
B VERMELHO;SAO GONCALO;1666;BARRO VERMELHO
B FILHO;RIO DE JANEIRO;2355;BARROS FILHO
B FILHOS;RIO DE JANEIRO;30;BARROS FILHO
B  FILHO;RIO DE JANEIRO;2;BARROS FILHO
CIDADE BEIRA MAR;RIO DAS OSTRAS;3;BEIRA MAR
B ROXO;BELFORD ROXO;92;BELFORD ROXO
B RIBEIRO;RIO DE JANEIRO;1603;BENTO RIBEIRO
B KELNER;NOVA IGUACU;29;BERNARDO KELNER
B ESPERANCA;BELFORD ROXO;658;BOA ESPERANCA
B SORTE;BELFORD ROXO;60;BOA SORTE
B VIAGEM;NITEROI;24;BOA VIAGEM
B VISTA;SAO GONCALO;661;BOA VISTA
B JESUS;NOVA IGUACU;45;BOM JESUS
B PASTOR;BELFORD ROXO;87;BOM PASTOR
B RIO;RIO DAS OSTRAS;17;BOSQUE BEIRA RIO
B BEIRA RIO;RIO DAS OSTRAS;1;BOSQUE BEIRA RIO
B PINA;RIO DE JANEIRO;2547;BRAS DE PINA
B DE PINA;RIO DE JANEIRO;5;BRAS DE PINA
B PINAS;RIO DE JANEIRO;2;BRAS DE PINA
B MAR;ITAGUAI;246;BRISA MAR
C GRANDE;ANGRA DOS REIS;151;C GRANDE
C ELISEOS;DUQUE DE CAXIAS;600;CAMPO ELISEOS
CP GRANDE;RIO DE JANEIRO;3;CAMPO GRANDE
C ELISIOS;DUQUE DE CAXIAS;68;CAMPOS ELISIOS
CATUMBI - 1Aª AISP;RIO DE JANEIRO;726;CATUMBI
CATUMBI - 1? AISP;RIO DE JANEIRO;260;CATUMBI
CEM BRACAS;ARMACAO DE BUZIOS;21;CEM BRACAS
CHS ARCAMPO;DUQUE DE CAXIAS;238;CHACARAS ARCAMPO
CHS M HELENA;DUQUE DE CAXIAS;21;CHACARAS MARIA HELENA
CHS RIO-PETROPOLIS;DUQUE DE CAXIAS;801;CHACARAS RIO-PETROPOLIS
C ALTA;RIO DE JANEIRO;9;CIDADE ALTA
C DEUS;RIO DE JANEIRO;5305;CIDADE DE DEUS
C DE DEUS;RIO DE JANEIRO;13;CIDADE DE DEUS
C  DEUS;RIO DE JANEIRO;3;CIDADE DE DEUS
CD DEUS;RIO DE JANEIRO;3;CIDADE DE DEUS
CDD DE DEUS;RIO DE JANEIRO;3;CIDADE DE DEUS
CD DE DEUS;RIO DE JANEIRO;2;CIDADE DE DEUS
C D DEUS;RIO DE JANEIRO;2;CIDADE DE DEUS
C DEUS, DE;RIO DE JANEIRO;1;CIDADE DE DEUS
C JD CABUCU;QUEIMADOS;143;CIDADE JARDIM CABUCU
C JD MARAJOARA;JAPERI;102;CIDADE JARDIM MARAJOARA
C NOVA;RIO DE JANEIRO;1054;CIDADE NOVA
C PRAIANA;RIO DAS OSTRAS;26;CIDADE PRAIANA
C S BONFIM;JAPERI;58;CIDADE SENHOR DO BONFIM
C UNIVERSITARIA;RIO DE JANEIRO;2;CIDADE UNIVERSITARIA
C ROCHA;SAO JOAO DE MERITI;1475;COELHO DA ROCHA
C NETO;RIO DE JANEIRO;2354;COELHO NETO
C. NETO;RIO DE JANEIRO;1;COELHO NETO
C SOARES;NOVA IGUACU;237;COMENDADOR SOARES
C ALEMAO;RIO DE JANEIRO;2;COMPLEXO DO ALEMAO
C JACAREI;MANGARATIBA;26;CONCEICAO DE JACAREI
CJ RES REDENCAO;NOVA IGUACU;35;CONJUNTO RESIDENCIAL REDENCAO
C VELHO;RIO DE JANEIRO;512;COSME VELHO
C AZUL;RIO DAS OSTRAS;10;COSTA AZUL
CST AZUL;RIO DAS OSTRAS;2;COSTA AZUL
C BARROS;RIO DE JANEIRO;4940;COSTA BARROS
C  BARROS;RIO DE JANEIRO;2;COSTA BARROS
C. BARROS;RIO DE JANEIRO;2;COSTA BARROS
C BARRO;RIO DE JANEIRO;1;COSTA BARROS
C SUL;NOVA IGUACU;22;CRUZEIRO DO SUL
DE LA MARES;RIO DE JANEIRO;1;DE LA MARES
D CASTILHO;RIO DE JANEIRO;1376;DEL CASTILHO
D CASTILHO;RIO DE JANEIRO;82;DEL CASTILHO
CHS DEL CASTILHO;RIO DE JANEIRO;3;DEL CASTILHO
D DELCASTILHO;RIO DE JANEIRO;1;DEL CASTILHO
D CATILHO;RIO DE JANEIRO;1;DEL CASTILHO
D IRMAOS;BELFORD ROXO;237;DOIS IRMAOS
D BOSCO;SEROPEDICA;88;DOM BOSCO
D NELI;NOVA IGUACU;44;DONA NELI
D LAUREANO;DUQUE DE CAXIAS;91;DOUTOR LAUREANO
D SILVEIRA;PETROPOLIS;38;DUARTE SILVEIRA
E PASSOS;MESQUITA;2500;EDSON PASSOS
VLROSALI;SAO JOAO DE MERITI;722;VILA ROSALI
E BELFORD;SAO JOAO DE MERITI;1062;ENGENHEIRO BELFORD
E LEAL;RIO DE JANEIRO;317;ENGENHEIRO LEAL
VAR MOCAS;NITEROI;427;ENGENHEIRO PEDREIRA
ENG PEDREIRA;JAPERI;47;ENGENHEIRO PEDREIRA
E R FREIRE;NOVA IGUACU;22;ENGENHEIRO ROCHA FREIRE
E RAINHA;RIO DE JANEIRO;2005;ENGENHO DA RAINHA
ENG RAINHA;RIO DE JANEIRO;5;ENGENHO DA RAINHA
E DA RAINHA;RIO DE JANEIRO;3;ENGENHO DA RAINHA
ENG DA RAINHA;RIO DE JANEIRO;2;ENGENHO DA RAINHA
E RAINHA, DA;RIO DE JANEIRO;2;ENGENHO DA RAINHA
E DENTRO;RIO DE JANEIRO;2819;ENGENHO DE DENTRO
ENG DENTRO;RIO DE JANEIRO;3;ENGENHO DE DENTRO
ENG DE DENTRO;RIO DE JANEIRO;2;ENGENHO DE DENTRO
E MATO;NITEROI;112;ENGENHO DO MATO
E PORTO;DUQUE DE CAXIAS;201;ENGENHO DO PORTO
E NOVO;RIO DE JANEIRO;4080;ENGENHO NOVO
ENG NOVO;RIO DE JANEIRO;9;ENGENHO NOVO
E PEQUENO;SAO GONCALO;367;ENGENHO PEQUENO
E ROCADO;SAO GONCALO;36;ENGENHO ROCADO
E VELHO;ITABORAI;35;ENGENHO VELHO
EST SAUDADE;PETROPOLIS;35;ESTRADA DA SAUDADE
E CEU;ITAGUAI;29;ESTRELA DO CEU
E NORTE;SAO GONCALO;89;ESTRELA DO NORTE
F POLVORA;NOVA IGUACU;1601;FABRICA DE POLVORA
F POLVORA;MESQUITA;1494;FABRICA DE POLVORA
F BOTAFOGO;RIO DE JANEIRO;6;FAZENDA BOTAFOGO
F FABIANO;BELFORD ROXO;82;FREI FABIANO
G NAPOLEAO;RIO DE JANEIRO;1;G NAPOLEAO?
G BRANCO;SAO GONCALO;1261;GALO BRANCO
G AZUL;RIO DE JANEIRO;825;GARDENIA AZUL
G RIO;MESQUITA;311;GRANDE RIO
GJA ROSALINA;QUEIMADOS;33;GRANJA ROSALINA
G PARA;NOVA IGUACU;49;GRAO PARA
IA GUARATIBA;RIO DE JANEIRO;6;GUARATIBA
H GURGEL;RIO DE JANEIRO;1762;HONORIO GURGEL
O GURGEL;RIO DE JANEIRO;4;HONORIO GURGEL
H GRUGEL;RIO DE JANEIRO;1;HONORIO GURGEL
IA CONCEICAO;NITEROI;382;ILHA DA CONCEICAO
I CONCEICAO;NITEROI;24;ILHA DA CONCEICAO
IA GIGOIA;RIO DE JANEIRO;1;ILHA DA GIGOIA
IA MADEIRA;ITAGUAI;21;ILHA DA MADEIRA
I GUARATIBA;RIO DE JANEIRO;3;ILHA DE GUARATIBA
I GOVERNADOR;RIO DE JANEIRO;45;ILHA DO GOVERNADOR
IA GOVERNADOR;RIO DE JANEIRO;5;ILHA DO GOVERNADOR
IHA DO GOVERNADOR;RIO DE JANEIRO;2;ILHA DO GOVERNADOR
I. GOVERNADOR;RIO DE JANEIRO;1;ILHA DO GOVERNADOR
IA GRANDE;ANGRA DOS REIS;35;ILHA GRANDE
JARDIM V C AGOSTO;DUQUE DE CAXIAS;478;JARDIM 25 DE AGOSTO
J AMERICA;RIO DE JANEIRO;27;JARDIM AMERICA
DJ AMERICA;RIO DE JANEIRO;1;JARDIM AMERICA
JARDIM S VICENTE;NOVA IGUACU;262;JARDIM SAO VICENTE
JARDIM BAL A CLARA;DUQUE DE CAXIAS;266;JARDIM BALNEARIO ANA CLARA
JARDIM B BRANCO;DUQUE DE CAXIAS;398;JARDIM BARRO BRANCO
JARDIM BL VISTA;RIO DAS OSTRAS;1;JARDIM BELA VISTA
JARDIM B HORIZONTE;NOVA IGUACU;42;JARDIM BELO HORIZONTE
JARDIM B VISTA;BELFORD ROXO;32;JARDIM BOA VISTA
JARDIM B PASTOR;BELFORD ROXO;2016;JARDIM BOM PASTOR
JARDIM B RETIRO;ITABORAI;35;JARDIM BOM RETIRO
JARDIM CPO ALEGRE;QUEIMADOS;39;JARDIM CAMPO ALEGRE
JARDIM D FILHO;BELFORD ROXO;621;JARDIM DIMAS FILHO
JARDIM J BONIFACIO;SAO JOAO DE MERITI;284;JARDIM JOSE BONIFACIO
JARDIM MAR;ITAGUAI;110;JARDIM MAR
JS MARILEA;RIO DAS OSTRAS;1;JARDIM MARILEIA
JRD MARILEA;RIO DAS OSTRAS;1;JARDIM MARILEIA
J MARILEIA;RIO DAS OSTRAS;1;JARDIM MARILEIA
JARDIM M GROSSO;NOVA IGUACU;53;JARDIM MATO GROSSO
JARDIM M RETIRO;BELFORD ROXO;109;JARDIM MEU RETIRO
JARDIM MTE CASTELO;NOVA IGUACU;36;JARDIM MONTE CASTELO
JARDIM NS DAS GRACAS;RIO DE JANEIRO;1;JARDIM NOSSA SENHORA DAS GRACAS
JARDIM N CALIFORNIA;SAO JOAO DE MERITI;114;JARDIM NOVA CALIFORNIA
JARDIM N ERA;NOVA IGUACU;1461;JARDIM NOVA ERA
JARDIM O BILAC;DUQUE DE CAXIAS;2371;JARDIM OLAVO BILAC
C JD PRQ ESTORIL;NOVA IGUACU;99;JARDIM PARQUE ESTORIL
JARDIM S EUGENIA;NOVA IGUACU;33;JARDIM SANTA EUGENIA
JARDIM S RITA;NOVA IGUACU;114;JARDIM SANTA RITA
JARDIM S ROSA;SAO JOAO DE MERITI;215;JARDIM SANTA ROSA
JARDIM S ANTONIO;SAO JOAO DE MERITI;768;JARDIM SANTO ANTONIO
JARDIM S FRANCISCO;BELFORD ROXO;274;JARDIM SAO FRANCISCO
JARDIM S JOAO;NOVA IGUACU;44;JARDIM SAO JOAO
JARDIM S SEBASTIAO;JAPERI;20;JARDIM SAO SEBASTIAO
JARDIM VL NOVA;DUQUE DE CAXIAS;45;JARDIM VILA NOVA
J CLUBE;SAO GONCALO;1818;JOKEY CLUBE
J BULHOES;NOVA IGUACU;21;JOSE BULHOES
KM 32;NOVA IGUACU;217;KM 32
L PARQUE;SAO GONCALO;447;LINDO PARQUE
L VASCONCELOS;RIO DE JANEIRO;2360;LINS DE VASCONCELOS
L VASCONSELOS;RIO DE JANEIRO;8;LINS DE VASCONCELOS
L VANCONCELOS;RIO DE JANEIRO;3;LINS DE VASCONCELOS
L VANSCONCELOS;RIO DE JANEIRO;2;LINS DE VASCONCELOS
L VASCONCELLOS;RIO DE JANEIRO;2;LINS DE VASCONCELOS
L DE VASCONCELOS;RIO DE JANEIRO;2;LINS DE VASCONCELOS
L DE VASCONSELOS;RIO DE JANEIRO;1;LINS DE VASCONCELOS
L VACONCELOS;RIO DE JANEIRO;1;LINS DE VASCONCELOS
L VASCONCVELOS;RIO DE JANEIRO;1;LINS DE VASCONCELOS
L CACADOR;SAO GONCALO;57;LUIZ CACADOR
M BASTOS;RIO DE JANEIRO;1018;MAGALHAES BASTOS
C BASTOS;RIO DE JANEIRO;2;MAGALHAES BASTOS
LOT MARAVISTA;NITEROI;71;MARAVISTA
M HERMES;RIO DE JANEIRO;2742;MARECHAL HERMES
MAL HERMES;RIO DE JANEIRO;2;MARECHAL HERMES
M GRACA;RIO DE JANEIRO;397;MARIA DA GRACA
M LUZ;NOVA IGUACU;33;MARIA DA LUZ
M PAULA;SAO GONCALO;1989;MARIA PAULA
M TORRES;NITEROI;24;MARTIN TORRES
M PACA;NITEROI;53;MATA PACA
M COUTO;BELFORD ROXO;788;MIGUEL COUTO
MTE CASTELO;NOVA IGUACU;42;MONTE CASTELO
MTE SERRAT;ITAGUAI;53;MONTE SERRAT
M AGUDO;NOVA IGUACU;25;MORRO AGUDO
M NOVO;MAGE;43;MUNDO NOVO
N SRA DA GLORIA;QUEIMADOS;213;NOSSA SENHORA DA GLORIA
N S GLORIA;QUEIMADOS;34;NOSSA SENHORA DA GLORIA
N PAZ;SAO GONCALO;69;NOSSA SENHORA DA PAZ
N S GRACAS;BELFORD ROXO;117;NOSSA SENHORA DAS GRACAS
N S FATIMA;JAPERI;97;NOSSA SENHORA DE FATIMA
N S CARMO;DUQUE DE CAXIAS;39;NOSSA SENHORA DO CARMO
N AMERICA;NOVA IGUACU;122;NOVA AMERICA
N ATLANTICA;QUEIMADOS;41;NOVA ATLANTICA
N AURORA;BELFORD ROXO;246;NOVA AURORA
N BELEM;JAPERI;297;NOVA BELEM
N BRASILIA;NOVA IGUACU;22;NOVA BRASILIA
N CAMPINAS;DUQUE DE CAXIAS;1186;NOVA CAMPINAS
N CAMPINA;DUQUE DE CAXIAS;228;NOVA CAMPINAS
N CIDADE;SAO GONCALO;1767;NOVA CIDADE
N ESPERANCA;BARRA MANSA;44;NOVA ESPERANCA
N GRECIA;SAO GONCALO;135;NOVA GRECIA
N HOLANDA;MACAE;22;NOVA HOLANDA
N LUZ;NOVA IGUACU;21;NOVA LUZ
N MARILIA;MAGE;77;NOVA MARILIA
N SEPETIBA;RIO DE JANEIRO;6;NOVA SEPETIBA
NV SEPETIBA;RIO DE JANEIRO;1;NOVA SEPETIBA
N ELDORADO;BELFORD ROXO;100;NOVO ELDORADO
N HORIZONTE;NILOPOLIS;179;NOVO HORIZONTE
N MEXICO;SAO GONCALO;575;NOVO MEXICO
OITICICA II;RIO DE JANEIRO;5;OITICICA II
O BILAC;DUQUE DE CAXIAS;33;OLAVO BILAC
O CRUZ;RIO DE JANEIRO;1117;OSWALDO CRUZ
O PRETO;NOVA IGUACU;187;OURO PRETO
O PEDRAS;ITABORAI;39;OUTEIRO DAS PEDRAS
V. PACIENCIA;RIO DE JANEIRO;1;PACIENCIA
P MIGUEL;RIO DE JANEIRO;3410;PADRE MIGUEL
PE MIGUEL;RIO DE JANEIRO;4;PADRE MIGUEL
PD MIGUEL;RIO DE JANEIRO;3;PADRE MIGUEL
PDE MIGUEL;RIO DE JANEIRO;2;PADRE MIGUEL
PE  MIGUEL;RIO DE JANEIRO;1;PADRE MIGUEL
P POLVORA;NILOPOLIS;345;PAIOL POLVORA
P ANGELICA;DUQUE DE CAXIAS;42;PARADA ANGELICA
P LUCAS;RIO DE JANEIRO;22;PARADA DE LUCAS
PD LUCAS;RIO DE JANEIRO;2;PARADA DE LUCAS
PARQUE B AMAPA;DUQUE DE CAXIAS;33;PARQUE BARAO DO AMAPA
PARQUE B MAR;DUQUE DE CAXIAS;232;PARQUE BEIRA MAR
PARQUE B SORTE;BELFORD ROXO;98;PARQUE BOA SORTE
PARQUE B VENTURA;NOVA IGUACU;44;PARQUE BOA VENTURA
PARQUE B RETIRO;DUQUE DE CAXIAS;282;PARQUE BOM RETIRO
PARQUE D BOSCO;ITAGUAI;103;PARQUE DOM BOSCO
PARQUE D CAXIAS;DUQUE DE CAXIAS;129;PARQUE DUQUE DE CAXIAS
PARQUE E PEDREIRA;JAPERI;80;PARQUE ENGENHEIRO PEDREIRA
PARQUE E PEQUENO;NOVA IGUACU;132;PARQUE ENGENHO PEQUENO
PARQUE J PESSOA;DUQUE DE CAXIAS;422;PARQUE JOAO PESSOA
PARQUE M FONTE;NOVA IGUACU;22;PARQUE MARIA DA FONTE
PARQUE N RIO;SAO JOAO DE MERITI;285;PARQUE NOVO RIO
PARQUE S AMELIA;BELFORD ROXO;294;PARQUE SANTA AMELIA
PARQUE S EUGENIA;QUEIMADOS;99;PARQUE SANTA EUGENIA
PARQUE S LUCIA;DUQUE DE CAXIAS;105;PARQUE SANTA LUCIA
PARQUE S MARTA;DUQUE DE CAXIAS;26;PARQUE SANTA MARTA
PARQUE S ANTONIO;JAPERI;85;PARQUE SANTO ANTONIO
PARQUE S BENTO;BELFORD ROXO;412;PARQUE SAO BENTO
PARQUE S BERNARDO;BELFORD ROXO;301;PARQUE SAO BERNARDO
PARQUE S BONFIM;DUQUE DE CAXIAS;379;PARQUE SAO BONFIM
PARQUE S CARLOS;QUEIMADOS;219;PARQUE SAO CARLOS
PARQUE S F PAULA;NOVA IGUACU;54;PARQUE SAO FRANCISCO DE PAULA
S FRANCISCO;NOVA IGUACU;158;PARQUE SAO FRANCISO
PARQUE S FRANCISCO;NOVA IGUACU;158;PARQUE SAO FRANCISO
PARQUE S JOAO;DUQUE DE CAXIAS;30;PARQUE SAO JOAO
S JORGE;BELFORD ROXO;595;PARQUE SAO JORGE
PARQUE S J TADEU;SAO JOAO DE MERITI;50;PARQUE SAO JUDAS TADEU
PARQUE S MARCELO;QUEIMADOS;24;PARQUE SAO MARCELO
PARQUE S NICOLAU;SAO JOAO DE MERITI;1102;PARQUE SAO NICOLAU
PARQUE S P ALCANTARA;DUQUE DE CAXIAS;153;PARQUE SAO PEDRO DE ALCANTARA
PARQUE S SEBASTIAO;SAO GONCALO;43;PARQUE SAO SEBASTIAO
PARQUE S VICENTE;BELFORD ROXO;313;PARQUE SAO VICENTE
PARQUE S V PAULO;NOVA IGUACU;124;PARQUE SAO VICENTE DE PAULO
PARQUE T MENEZES;SAO JOAO DE MERITI;21;PARQUE TELES MENEZES
PARQUE T SANTOS;NOVA IGUACU;34;PARQUE TODOS OS SANTOS
PARQUE T CORACOES;NOVA IGUACU;40;PARQUE TRES CORACOES
PARQUE VL NOVA;DUQUE DE CAXIAS;66;PARQUE VILA NOVA
P TRES;RIO CLARO;4;PASSA TRES
P GRANDE;MAGE;31;PAU GRANDE
P PEQUENO;NITEROI;47;PE PEQUENO
P GUARATIBA;RIO DE JANEIRO;833;PEDRA DE GUARATIBA
P DE GUARATIBA;RIO DE JANEIRO;2;PEDRA DE GUARATIBA
P GUARATIVA;RIO DE JANEIRO;1;PEDRA DE GUARATIBA
PD GUARATIBA;RIO DE JANEIRO;1;PEDRA DE GUARATIBA
P CIRCULAR;RIO DE JANEIRO;2643;PENHA CIRCULAR
P CIRCLAR;RIO DE JANEIRO;1;PENHA CIRCULAR
P NEGRA;MARICA;43;PONTA NEGRA
P ROSA;SAO GONCALO;358;PORTO DO ROSA
PORTAO ROSA;SAO GONCALO;3;PORTO DO ROSA
PORTAO DO ROSA;SAO GONCALO;9;PORTO DO ROSA
PORTO ROSA;SAO GONCALO;0;PORTO DO ROSA
P NOVO;SAO GONCALO;28;PORTO NOVO
PT NOVO;RIO DE JANEIRO;8;PORTO NOVO
P VELHO;SAO GONCALO;12;PORTO VELHO
PCA SECA;RIO DE JANEIRO;7;PRACA SECA
PC SECA;RIO DE JANEIRO;7;PRACA SECA
P VERDES;QUEIMADOS;147;PRADOS VERDES
PR MAUA;MAGE;73;PRAIA DE MAUA
PR SACO;MANGARATIBA;26;PRAIA DO SACO
PR GRANDE;ARRAIAL DO CABO;37;PRAIA GRANDE
PR SECA;ARARUAMA;12;PRAIA SECA
P VERMELHA;RIO DE JANEIRO;2;PRAIA VERMELHA
P JUSCELINO;NOVA IGUACU;1105;PRESIDENTE JUSCELINO
Q BRASILEIRO;PETROPOLIS;110;QUARTEIRAO BRASILEIRO
Q BOCAIUVA;RIO DE JANEIRO;2071;QUINTINO BOCAIUVA
R NOVO;NOVA IGUACU;20;RANCHO NOVO
R VEIGA;SAO GONCALO;349;RAUL VEIGA
RCR BANDEIRANTES;RIO DE JANEIRO;2118;RECREIO DOS BANDEIRANTES
R BANDEIRANTES;RIO DE JANEIRO;18;RECREIO DOS BANDEIRANTES
RCR DOS BANDEIRANTES;RIO DE JANEIRO;7;RECREIO DOS BANDEIRANTES
RC BANDEIRANTES;RIO DE JANEIRO;3;RECREIO DOS BANDEIRANTES
RC DOS BANDEIRANTES;RIO DE JANEIRO;2;RECREIO DOS BANDEIRANTES
RCR  BANDEIRANTES;RIO DE JANEIRO;2;RECREIO DOS BANDEIRANTES
RCR NBANDEIRANTES;RIO DE JANEIRO;1;RECREIO DOS BANDEIRANTES
RCR BANDEIRANTE;RIO DE JANEIRO;1;RECREIO DOS BANDEIRANTES
RCR  BANDEIRANTE;RIO DE JANEIRO;1;RECREIO DOS BANDEIRANTES
R DOS BANDEIRANTES;RIO DE JANEIRO;1;RECREIO DOS BANDEIRANTES
RCR ITAPOA;NOVA IGUACU;28;RECREIO ITAPOA
RCR P MARAMBAIA;NOVA IGUACU;39;RECREIO PACO DA MARAMBAIA
R NOVA;ITABORAI;45;RETA NOVA
R VELHA;ITABORAI;121;RETA VELHA
R ALBUQUERQUE;RIO DE JANEIRO;3070;RICARDO DE ALBUQUERQUE
R DE ALBUQUERQUE;RIO DE JANEIRO;6;RICARDO DE ALBUQUERQUE
R ALBURQUERQUE;RIO DE JANEIRO;3;RICARDO DE ALBUQUERQUE
R  ALBUQUERQUE;RIO DE JANEIRO;2;RICARDO DE ALBUQUERQUE
R ALBULQUERQUE;RIO DE JANEIRO;1;RICARDO DE ALBUQUERQUE
S TERESA;RIO DE JANEIRO;4395;RIO COMPRIDO
R CUMPRIDO;RIO DE JANEIRO;20;RIO COMPRIDO
R  COMPRIDO;RIO DE JANEIRO;1;RIO COMPRIDO
R DAS PEDRAS;RIO DE JANEIRO;5;RIO DAS PEDRAS
R D PEDRAS;RIO DE JANEIRO;2;RIO DAS PEDRAS
R  PEDRAS;RIO DE JANEIRO;1;RIO DAS PEDRAS
R IO DAS PEDRAS;RIO DE JANEIRO;1;RIO DAS PEDRAS
R OURO;NITEROI;1338;RIO DO OURO
R OURO;SAO GONCALO;1338;RIO DO OURO
R VARZEA;ITABORAI;117;RIO VARZEA
R MIRANDA;RIO DE JANEIRO;3844;ROCHA MIRANDA
R   MIRANDA;RIO DE JANEIRO;2;ROCHA MIRANDA
R SOBRINHO;MESQUITA;944;ROCHA SOBRINHO
R VENTOS;NOVA IGUACU;392;ROSA DOS VENTOS
S FLORES;MARICA;57;SACO DAS FLORES
VILA S ALICE;DUQUE DE CAXIAS;56;SANTA ALICE
S AMELIA;BELFORD ROXO;67;SANTA AMELIA
S ANITA;SAO GONCALO;45;SANTA ANITA
S BARBARA;NITEROI;191;SANTA BARBARA
PARQUE S BRANCA;BELFORD ROXO;56;SANTA BRANCA
S BRANCA;MESQUITA;21;SANTA BRANCA
S CANDIDA;ITAGUAI;24;SANTA CANDIDA
S CATARINA;SAO GONCALO;179;SANTA CATARINA
S CECILIA;BELFORD ROXO;97;SANTA CECILIA
S CLARA;MESQUITA;20;SANTA CLARA
S CRUZ;RIO DE JANEIRO;11798;SANTA CRUZ
ST CRUZ;RIO DE JANEIRO;18;SANTA CRUZ
S  CRUZ;RIO DE JANEIRO;2;SANTA CRUZ
S CTUZ;RIO DE JANEIRO;1;SANTA CRUZ
S CRUS;RIO DE JANEIRO;1;SANTA CRUZ
S C SERRA;DUQUE DE CAXIAS;485;SANTA CRUZ DA SERRA
S CRUZ DA SERRA;DUQUE DE CAXIAS;39;SANTA CRUZ DA SERRA
S EMILIA;BELFORD ROXO;53;SANTA EMILIA
S EUGENIA;NOVA IGUACU;119;SANTA EUGENIA
S ISABEL;SAO GONCALO;2083;SANTA ISABEL
S LUCIA;DUQUE DE CAXIAS;474;SANTA LUCIA
CDOR SOARES;NOVA IGUACU;433;COMENDADOR SOARES
S LUZIA;SAO GONCALO;911;SANTA LUZIA
S MARGARIDA;RIO DE JANEIRO;5;SANTA MARGARIDA
S MARIA;BELFORD ROXO;41;SANTA MARIA
S MARTA;BELFORD ROXO;24;SANTA MARTA
S RITA;NOVA IGUACU;221;SANTA RITA
S ROSA;NITEROI;2022;SANTA ROSA
S SOFIA;SEROPEDICA;52;SANTA SOFIA
R COMPRIDO;RIO DE JANEIRO;4372;RIO COMPRIDO
ST TERESA;RIO DE JANEIRO;9;SANTA TERESA
ST TEREZA;RIO DE JANEIRO;5;SANTA TERESA
ST  TERESA;RIO DE JANEIRO;1;SANTA TERESA
S TERESINHA;JAPERI;186;SANTA TERESINHA
S TEREZA;MANGARATIBA;50;SANTA TEREZA
S TEREZINHA;MESQUITA;77;SANTA TEREZINHA
P C REIS;NITEROI;102;SANTANA
S ALEIXO;MAGE;140;SANTO ALEIXO
S ANTONIO;DUQUE DE CAXIAS;193;SANTO ANTONIO
S CRISTO;RIO DE JANEIRO;2053;SANTO CRISTO
STO CRISTO;RIO DE JANEIRO;2;SANTO CRISTO
S ELIAS;MESQUITA;108;SANTO ELIAS
S EXPEDITO;QUEIMADOS;23;SANTO EXPEDITO
S NEVES;NOVA IGUACU;65;SANTOS NEVES
S BENEDITO;NOVA IGUACU;116;SAO BENEDITO
S BENTO;DUQUE DE CAXIAS;225;SAO BENTO
S BERNARDO;BELFORD ROXO;104;SAO BERNARDO
S CARLOS;QUEIMADOS;20;SAO CARLOS
S CONRADO;RIO DE JANEIRO;1184;SAO CONRADO
S CONRRADO;RIO DE JANEIRO;4;SAO CONRADO
S CORRADO;RIO DE JANEIRO;2;SAO CONRADO
S CORADO;RIO DE JANEIRO;1;SAO CONRADO
S CRISTOVAO;RIO DE JANEIRO;3183;SAO CRISTOVAO
S CRITOVAO;RIO DE JANEIRO;4;SAO CRISTOVAO
S CISTOVAO;RIO DE JANEIRO;2;SAO CRISTOVAO
S DOMINGOS;NITEROI;660;SAO DOMINGOS
S FRANCISCO;NITEROI;1063;SAO FRANCISCO
S F PAULA;NOVA IGUACU;34;SAO FRANCISCO DE PAULA
S F XAVIER;RIO DE JANEIRO;317;SAO FRANCISCO XAVIER
S GABRIEL;NOVA IGUACU;40;SAO GABRIEL
S GERALDO;NOVA IGUACU;46;SAO GERALDO
S JERONIMO;RIO DE JANEIRO;7;SAO JERONIMO
S JOAQUIM;ITABORAI;49;SAO JOAQUIM
PARQUE S JOSE;QUEIMADOS;597;SAO JORGE
S JOSE;NOVA IGUACU;152;SAO JOSE
S J IMBASSAY;MARICA;122;SAO JOSE DO IMBASSAI
S J IMBASSAI;MARICA;38;SAO JOSE DO IMBASSAI
S J IMBACAI;MARICA;22;SAO JOSE DO IMBASSAI
S J TADEU;DUQUE DE CAXIAS;66;SAO JUDAS TADEU
S LEOPOLDO;BELFORD ROXO;155;SAO LEOPOLDO
S LOURENCO;NITEROI;375;SAO LOURENCO
S L GONZAGA;NOVA IGUACU;81;SAO LUIZ GONZAGA
S MATEUS;SAO JOAO DE MERITI;1276;SAO MATEUS
S MIGUEL;ITAGUAI;256;SAO MIGUEL
S PEDRO;TERESOPOLIS;59;SAO PEDRO
S SALVADOR;ITAGUAI;34;SAO SALVADOR
S SEBASTIAO;PETROPOLIS;68;SAO SEBASTIAO
S SIMAO;QUEIMADOS;104;SAO SIMAO
S VICENTE;BELFORD ROXO;29;SAO VICENTE
SAPINHATUBA 3;RIO DE JANEIRO;1;SAPINHATUBA 3
SGT RONCALLI;BELFORD ROXO;71;SARGENTO ROCALLI
S CRISTOVAM;RIO DE JANEIRO;1;SD CRISTOVAO
S CCRISTOVAO;RIO DE JANEIRO;1;SD CRISTOVAO
S CAMARA;RIO DE JANEIRO;6081;SENADOR CAMARA
SEN CAMARA;RIO DE JANEIRO;4;SENADOR CAMARA
S CARMARA;RIO DE JANEIRO;1;SENADOR CAMARA
S VASCONCELOS;RIO DE JANEIRO;638;SENADOR VASCONCELOS
SEN A VASCONCELOS;RIO DE JANEIRO;2;SENADOR VASCONCELOS
S VASCONSELOS;RIO DE JANEIRO;1;SENADOR VASCONCELOS
SERRA MAR;RIO DAS OSTRAS;4;SERRAMAR
S MAR;RIO DAS OSTRAS;3;SERRAMAR
S PONTES;SAO GONCALO;1215;SETE PONTES
SIT GANSOS;SAO JOAO DE MERITI;88;SITIO GANSOS
SIT REAL;BELFORD ROXO;138;SITIO REAL
SIT RET FELIZ;BELFORD ROXO;265;SITIO RETIRO FELIZ
SIT RER FELIZ;BELFORD ROXO;196;SITIO RETIRO FELIZ
T JARDIM;SAO GONCALO;375;TENENTE JARDIM
T COELHO;RIO DE JANEIRO;1215;THOMAS COELHO
T SANTOS;RIO DE JANEIRO;456;TODOS OS SANTOS
T PONTES;ITABORAI;21;TRES PONTES
VLE PARAISO;TERESOPOLIS;20;VALE DO PARAISO
V GRANDE;BARRA DO PIRAI;529;VARGEM GRANDE
V. GRANDE;RIO DE JANEIRO;1;VARGEM GRANDE
V PEQUENA;RIO DE JANEIRO;459;VARGEM PEQUENA
E PEDREIRA;JAPERI;430;VARZEA DAS MOCAS
V LOBO;RIO DE JANEIRO;1433;VAZ LOBO
V CRUZ;SAO GONCALO;156;VENDA DA CRUZ
V PEDRAS;ITABORAI;208;VENDA DAS PEDRAS
V VELHA;SAO JOAO DE MERITI;307;VENDA VELHA
V FELIX;BELFORD ROXO;39;VERGEL DOS FELIX
V CARVALHO;RIO DE JANEIRO;3335;VICENTE DE CARVALHO
V  CARVALHO;RIO DE JANEIRO;2;VICENTE DE CARVALHO
V DE CARVALHO;RIO DE JANEIRO;2;VICENTE DE CARVALHO
V CAVALHO;RIO DE JANEIRO;2;VICENTE DE CARVALHO
V GERAL;RIO DE JANEIRO;2246;VIGARIO GERAL
V. GERAL;RIO DE JANEIRO;1;VIGARIO GERAL
VILA 8 MAIO;DUQUE DE CAXIAS;105;VILA 8 MAIO
VILA B VISTA;DUQUE DE CAXIAS;31;VILA BELA VISTA
V CRUZEIRO;RIO DE JANEIRO;1;VILA CRUZEIRO
V PENHA;RIO DE JANEIRO;14;VILA DA PENHA
VC DO JOAO;RIO DE JANEIRO;1;VILA DO JOAO
VILA EMA;DUQUE DE CAXIAS;261;VILA EMA
VILA E RIOS;BELFORD ROXO;108;VILA ENTRE RIOS
V ISABEL;RIO DE JANEIRO;36;VILA ISABEL
VILA J RODRIGUES;BELFORD ROXO;65;VILA JOAO RODRIGUES
V KENNEDY;RIO DE JANEIRO;27;VILA KENNEDY
V KENEDY;RIO DE JANEIRO;6;VILA KENNEDY
V KENEDDY;RIO DE JANEIRO;4;VILA KENNEDY
V KENNEY;RIO DE JANEIRO;3;VILA KENNEDY
V KOSMOS;RIO DE JANEIRO;1;VILA KOSMOS
VILA M HELENA;DUQUE DE CAXIAS;114;VILA MARIA HELENA
VILA N S CONCEICAO;JAPERI;25;VILA NOSSA SENHORA DA CONCEICAO
VILA N S FATIMA;SAO JOAO DE MERITI;38;VILA NOSSA SENHORA DE FATIMA
V NOVA;MAGE;30;VILA NOVA
VILA S FAMILIA;NOVA IGUACU;58;VILA SACRA FAMILIA
VILA S CRUZ;DUQUE DE CAXIAS;1071;VILA SANTA CRUZ
VILA S RITA;BELFORD ROXO;30;VILA SANTA RITA
VILA S TERESA;BELFORD ROXO;705;VILA SANTA TERESA
VILA S TERESINHA;MESQUITA;462;VILA SANTA TERESINHA
VILA S ANTONIO;DUQUE DE CAXIAS;772;VILA SANTO ANTONIO
VILA S ANTONIO;BELFORD ROXO;101;VILA SANTO ANTONIO
VILA S A PRATA;BELFORD ROXO;250;VILA SANTO ANTONIO PRATA
VILA S DOMINGOS;NOVA IGUACU;29;VILA SAO DOMINGOS
VILA S FRANCISCO;QUEIMADOS;82;VILA SAO FRANCISCO
VILA S JOAO;SAO JOAO DE MERITI;786;VILA SAO JOAO
VILA S JORGE;NOVA IGUACU;21;VILA SAO JORGE
VILA S JOSE;QUEIMADOS;35;VILA SAO JOSE
VILA S J TADEU;DUQUE DE CAXIAS;524;VILA SAO JUDAS TADEU
VILA S LUIS;DUQUE DE CAXIAS;926;VILA SAO LUIS
VILA S MICHEL;QUEIMADOS;24;VILA SAO MICHEL
VILA S ROQUE;QUEIMADOS;184;VILA SAO ROQUE
S ROQUE;QUEIMADOS;42;VILA SAO ROQUE
VILA S SEBASTIAO;DUQUE DE CAXIAS;97;VILA SAO SEBASTIAO
VILA S TEODORO;NOVA IGUACU;170;VILA SAO TEODORO
VILA T CORACOES;NOVA IGUACU;30;VILA TRES CORACOES
V VALQUEIRE;RIO DE JANEIRO;5;VILA VALQUERIE
V VERDE;NOVA IGUACU;102;VILA VERDE
V TELES;SAO JOAO DE MERITI;2460;VILAR DOS TELES
V FORMOSO;SAO JOAO DE MERITI;65;VILAR FORMOSO
V NOVO;BELFORD ROXO;474;VILAR NOVO
V ITABORAI;ITABORAI;25;VISCONDE DE ITABORAI
V ALEGRE;RIO DE JANEIRO;1186;VISTA ALEGRE
V BRASIL;NITEROI;90;VITAL BRAZIL
Z GAROTO;SAO GONCALO;292;ZE GAROTO
PC BANDEIRA;RIO DE JANEIRO;738;PRACA DA BANDEIRA
CATUMBI - 1ª AISP;RIO DE JANEIRO;726;CATUMBI
CATUMBI - 1 AISP;RIO DE JANEIRO;711;CATUMBI
JARDIM O BILAC;SAO JOAO DE MERITI;510;JARDIM OLAVO BILACA
JARDIM 25 DE AGOSTO;DUQUE DE CAXIAS;480;JARDIM 25 DE AGOSTO
E PASSOS;NOVA IGUACU;410;EDSON PASSOS
ZE GAROTO;SAO GONCALO;299;ZE GAROTO
PTO PEDRA;SAO GONCALO;270;PORTO DA PEDRA
JARDIM BALNEARIO ANA CLARA;DUQUE DE CAXIAS;268;JARDIM BALNEARIO ANA CLARA
JARDIM AO VICENTE;NOVA IGUACU;261;JARDIM SAO VICENTE
APOLO III;ITABORAI;224;APOLO III
KM 32;NOVA IGUACU;212;KM 32
S MIGUEL;SAO GONCALO;202;SAO MIGUEL
VILA S LUIS;NOVA IGUACU;172;VILA SAO LUIS
JARDIM MEU RETIRO;BELFORD ROXO;109;JARDIM MEU RETIRO
B VISTA;NOVA IGUACU;108;BELA VISTA
VILA 8 MAIO;DUQUE DE CAXIAS;105;VILA 8 MAIO
PNT D'AREIA;NITEROI;100;PONTA DA AREIA
PARQUE D BOSCO;SEROPEDICA;94;PARQUE DOM BOSCO
APOLO II;ITABORAI;93;APOLO III
APOLO III;SAO GONCALO;76;APOLO III
S JOSE;MESQUITA;71;SAO JOSE
PARQUE S BENTO;DUQUE DE CAXIAS;68;PARQUE SAO BENTO
V VERDE;BELFORD ROXO;66;VILA VERDE
JARDIM IDEAL II;BELFORD ROXO;63;JARDIM IDEAL II
VILA S TEODORO;BELFORD ROXO;63;VILA SAO TEODORO
S ISABEL;DUQUE DE CAXIAS;61;SANTA ISABEL
PTE BRANCA;NOVA IGUACU;53;PONTE BRANCA
LOTE XV;BELFORD ROXO;51;LOTE XV
CPO ALEGRE;QUEIMADOS;50;CAMPO ALEGRE
VILA J LIMA;BELFORD ROXO;49;VILA JOSE LIMA
PE PEQUENO;NITEROI;47;PE PEQUENO
C JD CABUCU;NOVA IGUACU;37;CIDADE JARDIM CABUCU
JARDIM S RITA;DUQUE DE CAXIAS;35;JARDIM SANTA RITA
PARQUE UNIAO 4;BELFORD ROXO;35;PARQUE UNIAO 4
PARQUE B VISTA II;DUQUE DE CAXIAS;34;PARQUE BOA VISTA II
VILA S SEBASTIAO;BELFORD ROXO;33;VILA SAO SEBASTIAO
S CATARINA;NOVA IGUACU;31;SANTA CATARINA
N S FATIMA;QUEIMADOS;27;NOSSA SENHORA DE FATIMA
JARDIM B VISTA;NOVA IGUACU;27;JARDIM BELA VISTA
R SOBRINHO;NOVA IGUACU;25;ROCHA SOBRINHO
CH S ANTONIO;BELFORD ROXO;24;CHACARA SANTO ANTONIO
PARQUE B VENTURA;QUEIMADOS;24;PARQUE BOA VENTURA
K 11;NOVA IGUACU;23;K11
V ALEGRE;NOVA IGUACU;22;VILA ALEGRE
S CRISTOVAO;QUEIMADOS;21;SAO CRISTOVAO
D IRMAOS;NOVA IGUACU;21;DOIS IRMAOS
CEM BRACAS;ARMACAO DE BUZIOS;20;CEM BRACAS
B PEDRA;RIO DE JANEIRO;2;
JG BANGU;RIO DE JANEIRO;1;
N INFORMADO;RIO DE JANEIRO;2;
R CENTRO;RIO DE JANEIRO;1;
ESTRELA DO CEU;ITAGUAI;68;
JARDIM IDEAL II;BELFORD ROXO;64;
LOTE XV;BELFORD ROXO;62;
VILA J LIMA;BELFORD ROXO;49;
P SECA;SAO GONCALO;45;
PARQUE BEIRA MAR;DUQUE DE CAXIAS;41;
BRISA MAR;ITAGUAI;38;
PARQUE UNIAO 4;BELFORD ROXO;35;
VILA ERA;BELFORD ROXO;34;
PARQUE B VISTA II;DUQUE DE CAXIAS;34;
PARQUE G LUZ;NOVA IGUACU;34;
DOM BOSCO;NOVA IGUACU;33;
JARDIM DA PAZ;MAGE;32;
C LINDO;ITABORAI;29;
CH S ANTONIO;BELFORD ROXO;24;
APOLO 3;ITABORAI;24;
JARDIM PAZ;MAGE;24;
K 11;NOVA IGUACU;23;
VILA H MAIA;BELFORD ROXO;22;
PARQUE V NOVA;DUQUE DE CAXIAS;22;
NV CAMPINA;DUQUE DE CAXIAS;20;
LT XV;DUQUE DE CAXIAS;20;
PAU GRANDE;MAGE;20;
PR ANJOS;ARRAIAL DO CABO;19;
BEIRA MAR;DUQUE DE CAXIAS;19;
B RETIRO;DUQUE DE CAXIAS;19;
P PRETA;MAGE;19;
VILA PEDRO I;NOVA IGUACU;19;
D RODRIGO;NOVA IGUACU;19;
REC S ANTONIO;NOVA IGUACU;19;
L DANON;QUEIMADOS;19;
FNT CARIOCA;SAO JOAO DE MERITI;19;
B VENTURA;BELFORD ROXO;18;
JARDIM S MARTA;BELFORD ROXO;18;
PARQUE S ROSA;DUQUE DE CAXIAS;18;
PARQUE R SERTAO;NOVA IGUACU;18;
P RIO;PETROPOLIS;18;
C VEIGA;PETROPOLIS;18;
JARDIM S MIGUEL;QUEIMADOS;18;
C ALEGRIA;RESENDE;18;
VILA D LOPES;SAO JOAO DE MERITI;18;
VILA O PRETO;DUQUE DE CAXIAS;17;
PARQUE L GONZAGA;JAPERI;17;
C PAULINO;NOVA FRIBURGO;17;
I. VELHO;NOVA IGUACU;17;
J D ARC;NOVA IGUACU;17;
JARDIM M POMBAL;BELFORD ROXO;16;
PARQUE J CLUB;CAMPOS DOS GOYTACAZES;16;
VILA C MADEIRA;DUQUE DE CAXIAS;16;
R PEDRAS;ITABORAI;16;
B MARICA;MARICA;16;
JARDIM PARAISO II;NOVA IGUACU;16;
C BELO;NOVA IGUACU;16;
JARDIM NOVA ERA;PARACAMBI;16;
VILA S CATARINA;QUEIMADOS;16;
RER CALIFAS;BELFORD ROXO;15;
V C AGOSTO;DUQUE DE CAXIAS;15;
S C DA SERRA;DUQUE DE CAXIAS;15;
VALE DO SOL;ITABORAI;15;
R D'OURO;MAGE;15;
V MOCAS;NITEROI;15;
MARCO II;NOVA IGUACU;15;
IA COBRAS;PARATI;15;
S AMARO;RECIFE;15;
L FLUMINENSE;SAO JOAO DE MERITI;15;
S C GUANDU;SEROPEDICA;15;
FNT SANTA;TERESOPOLIS;15;
S LUIS;BARRA MANSA;14;
PARQUE CPO LINDO;ITAGUAI;14;
P VERDE;NOVA IGUACU;14;
CH FLORA;PETROPOLIS;14;
N S ROSARIO;QUEIMADOS;14;
R DO OURO;SAO GONCALO;14;
PARQUE C ALTA;SAO JOAO DE MERITI;14;
C REDONDO;SAO PEDRO DA ALDEIA;14;
E ENSEADA;ANGRA DOS REIS;13;
MTE ALTO;ARRAIAL DO CABO;13;
RER S ISABEL;BELFORD ROXO;13;
PARQUE B VISTA I;DUQUE DE CAXIAS;13;
J PRIMAVERA;DUQUE DE CAXIAS;13;
V TIRADENTES;DUQUE DE CAXIAS;13;
ST LUCIA;DUQUE DE CAXIAS;13;
V ARAUJO;MACAE;13;
C REIS;MAGE;13;
N ALIANCA;NOVA IGUACU;13;
R DOS VENTOS;NOVA IGUACU;13;
P CHIQUE;NOVA IGUACU;13;
GJA GUARANI;TERESOPOLIS;13;
JARDIM S BENTO;BELFORD ROXO;12;
S HELENA;BELFORD ROXO;12;
JARDIM B VERMELHO;BELFORD ROXO;12;
JARDIM S LOURENCO;DUQUE DE CAXIAS;12;
PARQUE EL DOURADO;DUQUE DE CAXIAS;12;
C DAMIAO;JAPERI;12;
PR CAMPISTA;MACAE;12;
B MACAE;MACAE;12;
N MARILHA;MAGE;12;
S DALILA;MAGE;12;
JARDIM B ESPERANCA;NOVA IGUACU;12;
PARAISO II;NOVA IGUACU;12;
C JD MONTEVIDEU;NOVA IGUACU;12;
J PARAISO;NOVA IGUACU;12;
Q I PRATA;NOVA IGUACU;12;
S FRANCISCO DE PAULA;NOVA IGUACU;12;
VILA P ROCHA;NOVA IGUACU;12;
VILA R NOVO;NOVA IGUACU;12;
VAL VERDE;NOVA IGUACU;12;
N S CONCEICAO;QUEIMADOS;12;
VILA V A AUSTIN;QUEIMADOS;12;
V TELLES;SAO JOAO DE MERITI;12;
S MATHEUS;SAO JOAO DE MERITI;12;
S JOAO;SAO PEDRO DA ALDEIA;12;
S AGOSTINHO;VOLTA REDONDA;12;
JARDIM IDEAL I;BELFORD ROXO;11;
VLE MANGUEIRAS;BELFORD ROXO;11;
PARQUE T CLUB;CAMPOS DOS GOYTACAZES;11;
PARQUE L DOURADOS;DUQUE DE CAXIAS;11;
O BILLAC;DUQUE DE CAXIAS;11;
S JUDAS TADEU;DUQUE DE CAXIAS;11;
P MISSOES;DUQUE DE CAXIAS;11;
C MENINOS;DUQUE DE CAXIAS;11;
V DAS PEDRAS;ITABORAI;11;
J CAETANO;ITABORAI;11;
VILA S AMELIA;JAPERI;11;
STO ALEIXO;MAGE;11;
P MAUA;MAGE;11;
JARDIM N HORIZONTE;MAGE;11;
ST ALEIXO;MAGE;11;
BCO AREIA;MESQUITA;11;
STO ELIAS;MESQUITA;11;
BCO DE AREIA;MESQUITA;11;
JARDIM FNT S MIGUEL;NOVA IGUACU;11;
R FUNDO;NOVA IGUACU;11;
COM SOARES;NOVA IGUACU;11;
DA PAZ;QUEIMADOS;11;
KM 40;SEROPEDICA;11;
B FE;SEROPEDICA;11;
M ALTO;SILVA JARDIM;11;
C VENTO;TERESOPOLIS;11;
A LIMPA;VOLTA REDONDA;11;
XV NOVEMBRO;ARARUAMA;10;
PARQUE S LUCAS;BELFORD ROXO;10;
APOLO XI;BELFORD ROXO;10;
A B VISTA;CACHOEIRAS DE MACACU;10;
J CATARINA;DUQUE DE CAXIAS;10;
JARDIM T MARIAS;DUQUE DE CAXIAS;10;
P MODELO;GUAPIMIRIM;10;
PR DE MAUA;MAGE;10;
PARQUE ESTRELA II;MAGE;10;
TEN JARDIM;NITEROI;10;
CRUZEIRO DO SUL;NOVA IGUACU;10;
PARQUE RES GISELA;NOVA IGUACU;10;
VILA D BRANCA;QUEIMADOS;10;
RER ALCANTARA;SAO GONCALO;10;
PT ROSA;SAO GONCALO;10;
S IZABEL;SAO GONCALO;10;
PARQUE J BONIFACIO;SAO JOAO DE MERITI;10;
C GUINLE;TERESOPOLIS;10;
B IMBUI;TERESOPOLIS;10;
S V PAULA;ARARUAMA;9;
LT QUINZE;BELFORD ROXO;9;
SGT RONCALI;BELFORD ROXO;9;
VILA S TEREZA;BELFORD ROXO;9;
JARDIM S CECILIA;DUQUE DE CAXIAS;9;
NV CAMPINAS;DUQUE DE CAXIAS;9;
PARQUE N S PENHA;DUQUE DE CAXIAS;9;
VILA S LUIZ;DUQUE DE CAXIAS;9;
T MISSOES;DUQUE DE CAXIAS;9;
PRD ANGELICA;DUQUE DE CAXIAS;9;
STO EXPEDITO;ITABORAI;9;
BANDEIRANTES II;ITABORAI;9;
MORADA DO SOL;ITABORAI;9;
G CABUCU;ITABORAI;9;
VINTE E SEIS DE DEZEMBRO;ITAGUAI;9;
M CONGA;MAGE;9;
ST TEREZINHA;MESQUITA;9;
VILA S TEREZINHA;MESQUITA;9;
ENG DO MATO;NITEROI;9;
ENG PEQUENO;NOVA IGUACU;9;
D ESTRADA;NOVA IGUACU;9;
J D'ARC;NOVA IGUACU;9;
PARQUE S FRANCISCO DE PAULA;NOVA IGUACU;9;
T NEVES;NOVA IGUACU;9;
V CAVA;NOVA IGUACU;9;
J DARC;NOVA IGUACU;9;
N ERA;NOVA IGUACU;9;
PARQUE RES GUADALAJARA;NOVA IGUACU;9;
JARDIM S SILVESTRE;QUEIMADOS;9;
VILA J CORREIA;QUEIMADOS;9;
ZE GAROTO;SAO GONCALO;9;
ENG BELFORD;SAO JOAO DE MERITI;9;
PR LINDA;SAO PEDRO DA ALDEIA;9;
CP LINDO;SEROPEDICA;9;
N PRIMAVERA;VOLTA REDONDA;9;
A CLUBE;VOLTA REDONDA;9;
S TIRCO;BELFORD ROXO;8;
M CORREA;CABO FRIO;8;
PARQUE N CAMPINA;DUQUE DE CAXIAS;8;
PD ANGELICA;DUQUE DE CAXIAS;8;
C OITO;DUQUE DE CAXIAS;8;
PARQUE N ESPERANCA;DUQUE DE CAXIAS;8;
V PEDRINHAS;GUAPIMIRIM;8;
STO ANTONIO;ITABORAI;8;
NV CIDADE;ITABORAI;8;
BNH DA RETA;ITABORAI;8;
PARQUE S BENEDITO;JAPERI;8;
NV MARILIA;MAGE;8;
R SERRA;MAGE;8;
PR DO SACO;MANGARATIBA;8;
P GROSSA;MARICA;8;
N S DE FATIMA;NILOPOLIS;8;
V DA CRUZ;NITEROI;8;
S BOSCO;NOVA IGUACU;8;
R ALEGRE;QUEIMADOS;8;
M CASTRO;SAO GONCALO;8;
RECANTO DO SOL;SAO PEDRO DA ALDEIA;8;
BOA FE;SEROPEDICA;8;
JARDIM S JORGE;SEROPEDICA;8;
S MANHA (MULTIRAO);SEROPEDICA;8;
BANDEIRANTE II;TANGUA;8;
GJA FLORESTAL;TERESOPOLIS;8;
QTA LEBRAO;TERESOPOLIS;8;
PAT ESTACAO;TRES RIOS;8;
S F ASSIS;BARRA MANSA;7;
COL S ANTONIO;BARRA MANSA;7;
VILA LUZ;BELFORD ROXO;7;
N PIAM;BELFORD ROXO;7;
S LUIZ;CORDEIRO;7;
DR LAUREANO;DUQUE DE CAXIAS;7;
VILA N S GRACAS;DUQUE DE CAXIAS;7;
APOLO XII;ITABORAI;7;
B IRIRI;MAGE;7;
PR ANIL;MAGE;7;
BC DE AREIA;MESQUITA;7;
LGO BATALHA;NITEROI;7;
ENG MATO;NITEROI;7;
BL VISTA;NOVA IGUACU;7;
SIT N ORIENTE;NOVA IGUACU;7;
M CASTELO;NOVA IGUACU;7;
JARDIM S INACIO;NOVA IGUACU;7;
N JD PARAISO;NOVA IGUACU;7;
VLE SOL;NOVA IGUACU;7;
VILA T MAIO;NOVA IGUACU;7;
VILA MRO AGUDO;NOVA IGUACU;7;
JARDIM N S GRACAS;NOVA IGUACU;7;
S MARINHO;PETROPOLIS;7;
B FATIMA;QUEIMADOS;7;
PARQUE P DUTRA;QUEIMADOS;7;
ST ISABEL;SAO GONCALO;7;
ST CATARINA;SAO GONCALO;7;
V NORMA;SAO JOAO DE MERITI;7;
V ROSALI;SAO JOAO DE MERITI;7;
P FUNDO;SAO PEDRO DA ALDEIA;7;
VILA TUR;SAQUAREMA;7;
B. VISTA II;BARRA MANSA;6;
V MARIA;BARRA MANSA;6;
PARQUE N S APARECIDA;BELFORD ROXO;6;
D FILHO;BELFORD ROXO;6;
N PIAN;BELFORD ROXO;6;
PARQUE S RITA;BELFORD ROXO;6;
V RICA;BELFORD ROXO;6;
ST MARTA;BELFORD ROXO;6;
G CABRAL;DUQUE DE CAXIAS;6;
C ELYSEOS;DUQUE DE CAXIAS;6;
M HELENA;DUQUE DE CAXIAS;6;
P IDEAL;GUAPIMIRIM;6;
C FINA;GUAPIMIRIM;6;
APOLLO III;ITABORAI;6;
S CAMPELO;ITAGUAI;6;
J MAR;ITAGUAI;6;
PARQUE V CRUZ;ITAGUAI;6;
L VISTA;JAPERI;6;
NV BELEM;JAPERI;6;
PR SACO, DO;MANGARATIBA;6;
M RIBEIRO;MARICA;6;
P JUCELINO;MESQUITA;6;
LOT E MATO;NITEROI;6;
P S FRANCISCO;NOVA IGUACU;6;
J PALMARES;NOVA IGUACU;6;
S MICHEL;NOVA IGUACU;6;
KM 34;NOVA IGUACU;6;
VILA S T JESUS;NOVA IGUACU;6;
VILA S GABRIEL;NOVA IGUACU;6;
O VERDE;NOVA IGUACU;6;
DA LUZ;NOVA IGUACU;6;
VILA O ALVES;QUEIMADOS;6;
PARQUE S TIAGO;QUEIMADOS;6;
R DOURO;RIO BONITO;6;
RIO D OURO;SAO GONCALO;6;
ST LUZIA;SAO GONCALO;6;
PARQUE S ROQUE;SAO JOAO DE MERITI;6;
C NOVO;SAO JOSE DO GOIABAL;6;
RUA DO FOGO;SAO PEDRO DA ALDEIA;6;
S CORREIA;SAQUAREMA;6;
G FLORESTAL;TERESOPOLIS;6;
C GUARANI;TERESOPOLIS;6;
B UNIAO;TRES RIOS;6;
B HORIZONTE;VOLTA REDONDA;6;
VILA S CECILIA;VOLTA REDONDA;6;
ACUDE I;VOLTA REDONDA;6;
N ANGRA;ANGRA DOS REIS;5;
PR ENSEADA;ANGRA DOS REIS;5;
S VICENTE DE PAULA;ARARUAMA;5;
O VELHA;BARRA DO PIRAI;5;
V PAULINA;BELFORD ROXO;5;
S REIS;BELFORD ROXO;5;
ASA BRANCA;BOM JESUS DO ITABAPOANA;5;
J K OLIVEIRA;CABO FRIO;5;
REC DUNAS;CABO FRIO;5;
ST ANTONIO;CABO FRIO;5;
PARQUE JD CARIOCA;CAMPOS DOS GOYTACAZES;5;
PARQUE S HELENA;CAMPOS DOS GOYTACAZES;5;
PARQUE XV NOVEMBRO;CAMPOS DOS GOYTACAZES;5;
PARQUE S CAETANO;CAMPOS DOS GOYTACAZES;5;
VINTE E CINCO DE AGOSTO;DUQUE DE CAXIAS;5;
VILA S C SERRA;DUQUE DE CAXIAS;5;
JARDIM N S CARMO;DUQUE DE CAXIAS;5;
P S JOSE;DUQUE DE CAXIAS;5;
B CAVALEIROS;DUQUE DE CAXIAS;5;
J PESSOA;DUQUE DE CAXIAS;5;
J ANHANGA;DUQUE DE CAXIAS;5;
PRD MORABI;DUQUE DE CAXIAS;5;
PARQUE N CAMPINAS;DUQUE DE CAXIAS;5;
V OLIMPIA;GUAPIMIRIM;5;
J OLIVEIRA;ITABORAI;5;
M VERDE;ITABORAI;5;
APOLO 2;ITABORAI;5;
APOLLO II;ITABORAI;5;
C INDUSTRIAL;ITAGUAI;5;
PARQUE S JORGE;ITAGUAI;5;
S BRAS;JAPERI;5;
S INES;JAPERI;5;
PARQUE P J MARIA;JAPERI;5;
JARDIM R D'OURO;JAPERI;5;
GJA CAVALEIROS;MACAE;5;
JARDIM N MARILIA;MAGE;5;
PR IMPERADOR;MAGE;5;
V EMIL;MESQUITA;5;
NV HORIZONTE;NILOPOLIS;5;
V DAS MOCAS;NITEROI;5;
L BATALHA;NITEROI;5;
PARQUE S PAULA;NOVA IGUACU;5;
P CHIC;NOVA IGUACU;5;
K ONZE;NOVA IGUACU;5;
V MARTINS;NOVA IGUACU;5;
B GRANDE;PARATI;5;
NSA SRA DA GLORIA;QUEIMADOS;5;
N LIBERDADE;RESENDE;5;
CAIXA D;RIO BONITO;5;
CAIXA D AGUA;RIO BONITO;5;
R VERMELHO;RIO BONITO;5;
S LUSIA;SAO GONCALO;5;
C DA ROCHA;SAO JOAO DE MERITI;5;
S BONFIM;SAO JOAO DE MERITI;5;
N RIO;SAO JOAO DE MERITI;5;
J REDENTOR;SAO JOAO DE MERITI;5;
B CONCHAS;SAO PEDRO DA ALDEIA;5;
BANDEIRANTE UM;TANGUA;5;
V CORTES;TANGUA;5;
P VERMELHO;TRES RIOS;5;
S TORQUATO;VILA VELHA;5;
P GLORIA;ANGRA DOS REIS;4;
S D'AGUA;ANGRA DOS REIS;4;
P BELEM;ANGRA DOS REIS;4;
V FRIA;ANGRA DOS REIS;4;
B PERNA;ARARUAMA;4;
PR DOS ANJOS;ARRAIAL DO CABO;4;
JARDIM STO ANTONIO;BARRA MANSA;4;
R SILVEIRA;BARRA MANSA;4;
MTE CRISTO;BARRA MANSA;4;
M GRANJA;BARRA MANSA;4;
JARDIM YPE;BELFORD ROXO;4;
JARDIM IDEAL 2;BELFORD ROXO;4;
VLE IPE;BELFORD ROXO;4;
D MAIO;BELFORD ROXO;4;
SIT F LINDA;BELFORD ROXO;4;
B MATO;CABO FRIO;4;
M ALEGRE;CABO FRIO;4;
J GRAMACHO;DUQUE DE CAXIAS;4;
P PAULISTA;DUQUE DE CAXIAS;4;
JARDIM ANA CLARA;DUQUE DE CAXIAS;4;
ST CRUZ DA SERRA;DUQUE DE CAXIAS;4;
C ELISIUS;DUQUE DE CAXIAS;4;
S CRUZ SERRA;DUQUE DE CAXIAS;4;
ANA CLARA;DUQUE DE CAXIAS;4;
PARQUE EL DORADO;DUQUE DE CAXIAS;4;
N CAMPINAS (AREA I);DUQUE DE CAXIAS;4;
PARQUE S CLARA;ENGENHEIRO PAULO DE FRONTIN;4;
VLE PEDRINHAS;GUAPIMIRIM;4;
MTE VERDE;ITABORAI;4;
P CAIXAS;ITABORAI;4;
VILA GABRIELA II;ITABORAI;4;
V  PEDRAS;ITABORAI;4;
BRIZA MAR;ITAGUAI;4;
E DO CEU;ITAGUAI;4;
FIBRATEL UM;ITANHAEM;4;
E EPDREIRA;JAPERI;4;
M JOSE;JAPERI;4;
AT CAJUEIROS;MACAE;4;
JARDIM S PAULO;MAGE;4;
V ESPERANCA;MAGE;4;
N MANGARATIBA;MANGARATIBA;4;
PR BRAVA;MANGARATIBA;4;
PTA GROSSA;MARICA;4;
S JOSE DE IMBASSAI;MARICA;4;
PT NEGRA;MARICA;4;
S PAULA;MARICA;4;
S JOSE DO EMBACAI;MARICA;4;
ST ELIAS;MESQUITA;4;
ST TERESINHA;MESQUITA;4;
ED PASSOS;MESQUITA;4;
M REIS;NILOPOLIS;4;
PONT D AREIA;NITEROI;4;
PONTA D;NITEROI;4;
MAR A VISTA;NITEROI;4;
ST ROSA;NITEROI;4;
JARDIM O PRETO;NOVA FRIBURGO;4;
JARDIM GUANDU I;NOVA IGUACU;4;
A POSSE;NOVA IGUACU;4;
R VENTOS, DOS;NOVA IGUACU;4;
T MARIAS;NOVA IGUACU;4;
CMD SOARES;NOVA IGUACU;4;
JARDIM S FE;NOVA IGUACU;4;
JARDIM N PARAISO;NOVA IGUACU;4;
J D;NOVA IGUACU;4;
V ALIANCA;NOVA IGUACU;4;
PQR S FRANCISCO;NOVA IGUACU;4;
N ATLANTIDA;NOVA IGUACU;4;
JARDIM PARAISO 2;NOVA IGUACU;4;
BNH DE BAIXO;PARACAMBI;4;
S GONCALO;PARATI;4;
EL DOURADO;QUEIMADOS;4;
C SAMPAIO;QUEIMADOS;4;
JARDIM VISTA ALEGRE II;QUEIMADOS;4;
GJA R ALEGRE;QUEIMADOS;4;
PR LUZ;SAO GONCALO;4;
V S JOSE;SAO JOAO DE MERITI;4;
P ALDEIA;SAO PEDRO DA ALDEIA;4;
C RIO;SEROPEDICA;4;
BANDEIRANTE I;TANGUA;4;
C D'AGUA;TRES RIOS;4;
P AZUL;TRES RIOS;4;
BOA VISTA II;VILA VELHA;4;
M CONQUISTA;VOLTA REDONDA;4;
S LUCAS;VOLTA REDONDA;4;
I GRANDE;ANGRA DOS REIS;3;
P ARARUAMA;ARARUAMA;3;
P HOSPICIO;ARARUAMA;3;
SEM BRACAS;ARMACAO DE BUZIOS;3;
C BRACAS;ARMACAO DE BUZIOS;3;
CEM BRACOS;ARMACAO DE BUZIOS;3;
9 DE ABRIL;BARRA MANSA;3;
VLE PARAIBA;BARRA MANSA;3;
V DAS MANGUEIRAS;BELFORD ROXO;3;
P SAO JOSE;BELFORD ROXO;3;
J IDEAL II;BELFORD ROXO;3;
JARDIM LEAL II;BELFORD ROXO;3;
V PAULINE;BELFORD ROXO;3;
V S TERESA;BELFORD ROXO;3;
M GRACAS;BELFORD ROXO;3;
LIA MARCIA;BOM JESUS DO ITABAPOANA;3;
M CALVARIO;BOM JESUS DO ITABAPOANA;3;
PR SIQUEIRA;CABO FRIO;3;
MTE ALEGRE;CABO FRIO;3;
ILHA DA LUZ;CACHOEIRO DE ITAPEMIRIM;3;
PARQUE S MATEUS;CAMPOS DOS GOYTACAZES;3;
P DOURADO;CASIMIRO DE ABREU;3;
JARDIM 25 DE AGOSTO;DUQUE DE CAXIAS;3;
C BRANCO;DUQUE DE CAXIAS;3;
S A SERRA;DUQUE DE CAXIAS;3;
C HELISIOS;DUQUE DE CAXIAS;3;
JRD PRIMAVERA;DUQUE DE CAXIAS;3;
VILA G CABRAL;DUQUE DE CAXIAS;3;
JARDIM O BILACK;DUQUE DE CAXIAS;3;
CP ELISSEOS;DUQUE DE CAXIAS;3;
PQR DAS MISSOES;DUQUE DE CAXIAS;3;
D LAURIANO;DUQUE DE CAXIAS;3;
JARDIM P MAIO;DUQUE DE CAXIAS;3;
C ELISEO;DUQUE DE CAXIAS;3;
F DOURADO;DUQUE DE CAXIAS;3;
LOT XV;DUQUE DE CAXIAS;3;
P V NOVA;DUQUE DE CAXIAS;3;
25 DE AGOSTO;DUQUE DE CAXIAS;3;
JARDIM IMBARIE III;DUQUE DE CAXIAS;3;
N CAMPINHA;DUQUE DE CAXIAS;3;
PQE DAS MISSOES;DUQUE DE CAXIAS;3;
S CRUZ  DA SERRA;DUQUE DE CAXIAS;3;
JARDIM BALNEARIO ANA CLARA;DUQUE DE CAXIAS;3;
GABRIELA II;ITABORAI;3;
V DE ITABORAI;ITABORAI;3;
QUISSAMA II;ITABORAI;3;
R S JOAQUIM;ITABORAI;3;
VILA DO SOL;ITABORAI;3;
M SOSSEGO;ITABORAI;3;
QUISSAMA 2;ITABORAI;3;
V MARAMBAIA;ITABORAI;3;
V MARGARIDA;ITAGUAI;3;
26 DE DEZEMBRO;ITAGUAI;3;
GJA IGUACU;JAPERI;3;
VILA B JARDIM;JAPERI;3;
JARDIM S BRANCA;JAPERI;3;
T CUNHA;JAPERI;3;
MUCAJA II;JAPERI;3;
R FLUMINENSE;MACAE;3;
E BOSQUE;MACAE;3;
R DA SERRA;MAGE;3;
PARQUE S MIGUEL;MAGE;3;
PR OLARIA;MAGE;3;
PAU A PIQUE;MAGE;3;
J DA PAZ;MAGE;3;
JARDIM B FLORESTA;MAGE;3;
PR ESPERANCA;MAGE;3;
SANTA FE;MAGE;3;
C DE JACAREI;MANGARATIBA;3;
P PEQUENA;MANGARATIBA;3;
P SACO;MANGARATIBA;3;
C JACAREI, DE;MANGARATIBA;3;
PR PEQUENA;MANGARATIBA;3;
VLE FIGUEIRA;MARICA;3;
CHS INOA;MARICA;3;
PTA NEGRA;MARICA;3;
B AREA;MESQUITA;3;
S DUMONT;NILOPOLIS;3;
E DO MATO;NITEROI;3;
VLE PINHEIROS;NOVA FRIBURGO;3;
S EUFENIA;NOVA IGUACU;3;
S EUGENIO;NOVA IGUACU;3;
KM 37;NOVA IGUACU;3;
KM 39;NOVA IGUACU;3;
PARQUE B AVENTURA;NOVA IGUACU;3;
VILA C DAMIAO;NOVA IGUACU;3;
J GUANDU;NOVA IGUACU;3;
KM 35;NOVA IGUACU;3;
K 32;NOVA IGUACU;3;
GRA PARA;NOVA IGUACU;3;
CDO SOARES;NOVA IGUACU;3;
P ROLOU;NOVA IGUACU;3;
VILA VAL VERDE;NOVA IGUACU;3;
PQE S FRANCISCO;NOVA IGUACU;3;
V BELGA;NOVA IGUACU;3;
P FLOR;NOVA IGUACU;3;
VAZ MARTINS;NOVA IGUACU;3;
MTE LIBANO;NOVA IGUACU;3;
NOVA ERA;NOVA IGUACU;3;
VILA S NETO;NOVA IGUACU;3;
BNH DE CIMA;PARACAMBI;3;
BNH CIMA;PARACAMBI;3;
KM 9;PARACAMBI;3;
V DO CARANGOLA;PETROPOLIS;3;
Q INGELHEIN;PETROPOLIS;3;
NS FATIMA;QUEIMADOS;3;
VILA S MIGUEL;QUEIMADOS;3;
B D PAZ;QUEIMADOS;3;
N S DA GLORIA;QUEIMADOS;3;
T FONTES;QUEIMADOS;3;
V S FRANCISCO;QUEIMADOS;3;
V CENTRAL;QUEIMADOS;3;
A NEGREIROS;QUEIMADOS;3;
JARDIM CPO BELO;QUEIMADOS;3;
S CAETANO;RESENDE;3;
PRC CRUZEIRO;RIO BONITO;3;
S SAMBE;RIO BONITO;3;
C GAROTO;SANTO ANTONIO DE PADUA;3;
R D OURO;SAO GONCALO;3;
D IEDA;SAO GONCALO;3;
PRAIA DA LUZ;SAO GONCALO;3;
JS CATARINA;SAO GONCALO;3;
I DE ITAOCA;SAO GONCALO;3;
V  TELES;SAO JOAO DE MERITI;3;
B EDEN;SAO JOAO DE MERITI;3;
P TIETE;SAO JOAO DE MERITI;3;
E BELFORT;SAO JOAO DE MERITI;3;
P CARRO;SAO PEDRO DA ALDEIA;3;
P LINDA;SAO PEDRO DA ALDEIA;3;
N OLARIA;SEROPEDICA;3;
FNT LIMPA;SEROPEDICA;3;
LD PALMEIRAS;TRES RIOS;3;
B JUPARANA;VALENCA;3;
ACUDE II;VOLTA REDONDA;3;
S R ZARUR;VOLTA REDONDA;3;
S RITA DO ZARU;VOLTA REDONDA;3;
ROMA I;VOLTA REDONDA;3;
P PALMEIRAS;ANGRA DOS REIS;2;
CAPUTERA I;ANGRA DOS REIS;2;
C BELO PROMORA;ANGRA DOS REIS;2;
SAPIATUBA I;ANGRA DOS REIS;2;
CP BELO;ANGRA DOS REIS;2;
N S NAZARE;ARARUAMA;2;
E GRANDE;ARARUAMA;2;
PR HOSPICIO;ARARUAMA;2;
V CAPRI;ARARUAMA;2;
R DO LIMAO;ARARUAMA;2;
P LEITES;ARARUAMA;2;
C ENGENHEIROS;ARARUAMA;2;
PR RASA;ARMACAO DE BUZIOS;2;
PR JERIBA;ARMACAO DE BUZIOS;2;
SEM BRACOS;ARMACAO DE BUZIOS;2;
M CORREIA;ARRAIAL DO CABO;2;
C S PEDRO;BARRA DO PIRAI;2;
ROSEIRA II;BARRA DO PIRAI;2;
LOT S VICENTE;BARRA MANSA;2;
N S APARECIDA;BARRA MANSA;2;
LOT SOFIA;BARRA MANSA;2;
N. HORIZONTE;BARRA MANSA;2;
ANO BOM;BARRA MANSA;2;
M. DE VENTO;BARRA MANSA;2;
G VARGAS;BARRA MANSA;2;
J B PASTOR;BELFORD ROXO;2;
PQR SAO JOSE;BELFORD ROXO;2;
ST AMELIA;BELFORD ROXO;2;
R FELIZ;BELFORD ROXO;2;
IDEAL II;BELFORD ROXO;2;
J GLAUCIA;BELFORD ROXO;2;
SGT RONCALE;BELFORD ROXO;2;
ST MARIA;BELFORD ROXO;2;
VILA M CEU;BELFORD ROXO;2;
R CALIFAS, DOS;BELFORD ROXO;2;
G EMA;BELFORD ROXO;2;
L QUINZE;BELFORD ROXO;2;
J SILVANA;BELFORD ROXO;2;
FIGUEIRA II;BELFORD ROXO;2;
PARQUE N AUREA;BELFORD ROXO;2;
GOGO DA EMA;BELFORD ROXO;2;
LOTE VX;BELFORD ROXO;2;
PARQUE UNIAO II;BELFORD ROXO;2;
S RONCALI;BELFORD ROXO;2;
S A PRATA;BELFORD ROXO;2;
LOTE  XV;BELFORD ROXO;2;
D GRACAS;BELFORD ROXO;2;
BEM TE VI;BOM JARDIM;2;
P MARQUES;BOM JESUS DO ITABAPOANA;2;
CAM BUZIOS;CABO FRIO;2;
C BUZIOS;CABO FRIO;2;
C MATER;CABO FRIO;2;
R PERO;CABO FRIO;2;
VILAGE II;CACHOEIRAS DE MACACU;2;
A BRASIL;CACHOEIRAS DE MACACU;2;
S LUIZA;CACHOEIRAS DE MACACU;2;
S J B MORTE;CACHOEIRAS DE MACACU;2;
T PROMETIDA;CAMPOS DOS GOYTACAZES;2;
PARQUE N BRASILIA;CAMPOS DOS GOYTACAZES;2;
PARQUE S BRAND;CAMPOS DOS GOYTACAZES;2;
RIO D' OURO;CARAGUATATUBA;2;
S AMARAL;CARAUARI;2;
P SANTANA;CARIACICA;2;
R DOURADO;CASIMIRO DE ABREU;2;
S CRUZ DAS SERRA;DUQUE DE CAXIAS;2;
JARDIM V ALEGRE;DUQUE DE CAXIAS;2;
VILA S JUDAS TADEU;DUQUE DE CAXIAS;2;
P VILA NOVA;DUQUE DE CAXIAS;2;
R PETROPOLIS;DUQUE DE CAXIAS;2;
IMBARIE III;DUQUE DE CAXIAS;2;
JARDIM VINTE E CINCO DE AGOSTO;DUQUE DE CAXIAS;2;
V CENTENARIO;DUQUE DE CAXIAS;2;
XV AGOSTO;DUQUE DE CAXIAS;2;
PD MORABI;DUQUE DE CAXIAS;2;
SANTA C DA SERRA;DUQUE DE CAXIAS;2;
JARDIM BEIRA MAR;DUQUE DE CAXIAS;2;
JARDIM O BILLAC;DUQUE DE CAXIAS;2;
J LEAL;DUQUE DE CAXIAS;2;
XXV AGOSTO;DUQUE DE CAXIAS;2;
STO ANTONIO DA SERRA;DUQUE DE CAXIAS;2;
ST C SERRA;DUQUE DE CAXIAS;2;
JARDIM A CLARA;DUQUE DE CAXIAS;2;
PARQUE D MISSOES;DUQUE DE CAXIAS;2;
JARDIM S PILAR;DUQUE DE CAXIAS;2;
V OPERARIA;DUQUE DE CAXIAS;2;
LOTE 15;DUQUE DE CAXIAS;2;
S J TADEUS;DUQUE DE CAXIAS;2;
C ELISIO;DUQUE DE CAXIAS;2;
LOT CACHOEIRA;DUQUE DE CAXIAS;2;
S SERRA;DUQUE DE CAXIAS;2;
P MORABI;DUQUE DE CAXIAS;2;
PRA PAULISTA;DUQUE DE CAXIAS;2;
PARQUE B ESPERANCA;DUQUE DE CAXIAS;2;
T DAS MISSOES;DUQUE DE CAXIAS;2;
C ELISEUS;DUQUE DE CAXIAS;2;
PQR JOAO PESSOA;DUQUE DE CAXIAS;2;
VILA S PEDRO;DUQUE DE CAXIAS;2;
S F TINGUA;ENGENHEIRO PAULO DE FRONTIN;2;
I DOS ARAUJOS;GOVERNADOR VALADARES;2;
VILA ISA;GOVERNADOR VALADARES;2;
VLE JEQUITIBA;GUAPIMIRIM;2;
V DAS PEDRINHAS;GUAPIMIRIM;2;
Q MARIANA;GUAPIMIRIM;2;
V JEQUITIBA;GUAPIMIRIM;2;
JARDIM S AMARO;GUAPIMIRIM;2;
R VARZEAS;ITABORAI;2;
QUISAMA II;ITABORAI;2;
A DOIS;ITABORAI;2;
M SOL;ITABORAI;2;
VILAR DO SOL;ITABORAI;2;
JC ITAMBI;ITABORAI;2;
S EXPEDIDO;ITABORAI;2;
GJA CABUCU;ITABORAI;2;
S TERRA;ITABORAI;2;
ST EXPEDITO;ITABORAI;2;
R ACACIAS;ITABORAI;2;
RETIRO S JOAQUIM;ITABORAI;2;
P DAS CAIXAS;ITABORAI;2;
V SOL;ITABORAI;2;
PARQUE S ROSA DE LIMA;ITABORAI;2;
P MARAMBAIA;ITABORAI;2;
O DAS PEDRAS;ITABORAI;2;
ENG VELHO;ITABORAI;2;
ST EXPEDITO OTEIRO DAS PEDRAS;ITABORAI;2;
B ENGENHO;ITAGUAI;2;
VILA S SALVADOR;ITAGUAI;2;
JRD MAR;ITAGUAI;2;
I MADEIRA;ITAGUAI;2;
V S DEZEMBRO;ITAGUAI;2;
JARDIM ITAGUAI MAR;ITAGUAI;2;
N S PENHA;ITAPERUNA;2;
O FLORESTAL;ITAPERUNA;2;
AFRICA II;ITATIAIA;2;
PARQUE ENG PEDREIRA;JAPERI;2;
N BELEN;JAPERI;2;
E PEDEREIRA;JAPERI;2;
ENG PEDREIRO;JAPERI;2;
GJA COPACABANA;JAPERI;2;
COSME E DAMIAO;JAPERI;2;
ALTO EL DOURADO;JUIZ DE FORA;2;
C MACABU;MACAE;2;
A CAJUEIROS;MACAE;2;
C SOL;MACAE;2;
M. SANTANA;MACAE;2;
V   PRQ AEROPORTO;MACAE;2;
S JOSE BARRETO;MACAE;2;
ST DALILA;MAGE;2;
PRA MAUA;MAGE;2;
N MARIALIA;MAGE;2;
PT PRETA;MAGE;2;
L AZUL;MAGE;2;
PARQUE ESTELA II;MAGE;2;
PR DO IMPERADOR;MAGE;2;
P ESPERANCA;MAGE;2;
P ESTRELA DOIS;MAGE;2;
V LIBERDADE;MAGE;2;
PQD IMAITA;MAGE;2;
COROADO III;MANAUS;2;
EL RANCHITO;MANGARATIBA;2;
P DO SAHY;MANGARATIBA;2;
IA ITACURUCA;MANGARATIBA;2;
PR DO APARA;MANGARATIBA;2;
C JACARAI;MANGARATIBA;2;
PARQUE B VISTA;MANGARATIBA;2;
P DO SACO;MANGARATIBA;2;
S BENTO DA LAGOA;MARICA;2;
V FIGUEIRA;MARICA;2;
S JOSE DO IMBASSAI;MARICA;2;
S JOSE DO EMBASSAI;MARICA;2;
M MARICA;MARICA;2;
B FUNDO;MARICA;2;
S J EMBASSAI;MARICA;2;
S J EMBASSAY;MARICA;2;
S J EMBACAI;MARICA;2;
P NANCI;MARICA;2;
S DAS FLORES;MARICA;2;
S JOSE DO IMBACAI;MARICA;2;
JARDIM N METROPOLE;MARICA;2;
C MARICA;MARICA;2;
N METROPOLE;MARICA;2;
V S TERESINHA;MESQUITA;2;
C DO SUL;MESQUITA;2;
B  AREIA;MESQUITA;2;
A URUGUAI;MESQUITA;2;
B AREIA, DE;MESQUITA;2;
J KUBISTCHEK;MESQUITA;2;
P CAFE;MIGUEL PEREIRA;2;
PCA DA PONTE;MIGUEL PEREIRA;2;
S LOURECO;NITEROI;2;
IA DA CONCEICAO;NITEROI;2;
ST BARBARA;NITEROI;2;
T FREITAS;NITEROI;2;
PONTO CEM REIS;NITEROI;2;
I D CONCEICAO;NITEROI;2;
V JARDIM;NITEROI;2;
MAR ALEGRE;NITEROI;2;
I CONCEICAO, DA;NITEROI;2;
T  JARDIM;NITEROI;2;
CH PARAISO;NOVA FRIBURGO;2;
S P SERRA;NOVA FRIBURGO;2;
D PEDRAS;NOVA FRIBURGO;2;
JARDIM DEL REI;NOVA IGUACU;2;
CM SOARES;NOVA IGUACU;2;
GR PARA;NOVA IGUACU;2;
P IMPERIAL;NOVA IGUACU;2;
PARQUE S F PAULA I;NOVA IGUACU;2;
M DOIS;NOVA IGUACU;2;
JARDIM GUANDU UM;NOVA IGUACU;2;
B LUZ;NOVA IGUACU;2;
PQR GENECIANO LUZ;NOVA IGUACU;2;
S FCO DE PAULA;NOVA IGUACU;2;
KM 33;NOVA IGUACU;2;
PARQUE P ISABEL;NOVA IGUACU;2;
B AMAPA;NOVA IGUACU;2;
S MARCELO;NOVA IGUACU;2;
K  11;NOVA IGUACU;2;
NV ATLANTICA;NOVA IGUACU;2;
VALVERDE II;NOVA IGUACU;2;
C SORAES;NOVA IGUACU;2;
JRD GUANDU;NOVA IGUACU;2;
N IGUACU;NOVA IGUACU;2;
P S CARLOS;NOVA IGUACU;2;
PD PARAISO;NOVA IGUACU;2;
JRD PARAISO;NOVA IGUACU;2;
PARQUE TODOS OS SANTOS;NOVA IGUACU;2;
PARQUE P FLOR;NOVA IGUACU;2;
PARQUE S FRANCISO;NOVA IGUACU;2;
JARDIM GUANDU P-1;NOVA IGUACU;2;
NOVO JD PARAISO;NOVA IGUACU;2;
JARDIM VL RICA;NOVA IGUACU;2;
ST RITA;NOVA IGUACU;2;
I COBRAS;PARATI;2;
AT DA SERRA;PETROPOLIS;2;
D HELVETH;PETROPOLIS;2;
N SRA GLORIA;QUEIMADOS;2;
S FRANCICO;QUEIMADOS;2;
B MONTE;QUEIMADOS;2;
J FONTE;QUEIMADOS;2;
V SAO FRANCISCO;QUEIMADOS;2;
S SILVESTRE;QUEIMADOS;2;
NSA SENHORA DA GLORIA;QUEIMADOS;2;
NS GLORIA;QUEIMADOS;2;
S BARTOLOMEU;QUEIMADOS;2;
J QUEIMADOS;QUEIMADOS;2;
GJA NAPOLEAO;QUEIMADOS;2;
C DAGUA;QUEIMADOS;2;
A NOITE;QUEIMADOS;2;
PDO VERDE;QUEIMADOS;2;
V OURO;QUEIMADOS;2;
P ELDORADO;QUEIMADOS;2;
V CAMORIM;QUEIMADOS;2;
JARDIM V ALEGRE II;QUEIMADOS;2;
E MIRANDA;QUEIMADOS;2;
TRI CAMPEAO;QUEIMADOS;2;
S NICOLAU;QUEIMADOS;2;
Q CENTENARIO;QUEIMADOS;2;
FAZENDA BARRA 3;RESENDE;2;
P CRUZEIRO;RIO BONITO;2;
R BONITO;RIO BONITO;2;
T SAMBE;RIO BONITO;2;
T FIRME;RIO DAS OSTRAS;2;
NV ESPERANCA;RIO DAS OSTRAS;2;
PRAIA MAR;RIO DAS OSTRAS;2;
LGO MACHADO;SANTA MARIA MADALENA;2;
B ITABAPOANA;SAO FRANCISCO DE ITABAPOANA;2;
PRT NOVO;SAO GONCALO;2;
A TRES;SAO GONCALO;2;
J CLUB;SAO GONCALO;2;
J CATARINA NOVO;SAO GONCALO;2;
ENG ROCADO;SAO GONCALO;2;
JARDIM N REPUBLICA;SAO GONCALO;2;
P DO ROSA;SAO GONCALO;2;
V LAJE;SAO GONCALO;2;
V LAGE;SAO GONCALO;2;
PARADA S JORGE;SAO GONCALO;2;
F DOS MINEIROS;SAO GONCALO;2;
F MINEIROS;SAO GONCALO;2;
V DOS TELES;SAO JOAO DE MERITI;2;
VLE SIMPATIA;SAO JOAO DE MERITI;2;
C ROCHA, DA;SAO JOAO DE MERITI;2;
J METROPOLIS;SAO JOAO DE MERITI;2;
JR IRIS;SAO JOAO DE MERITI;2;
C FALSO;SAO JOAO DE MERITI;2;
GT PRETO;SAO JOAO DE MERITI;2;
JARDIM ST ANTONIO;SAO JOAO DE MERITI;2;
J IRIS;SAO JOAO DE MERITI;2;
V TIRADENTE;SAO JOAO DE MERITI;2;
PARQUE S ARANHA;SAO PAULO;2;
S MATHEUS FILHINHO;SAO PEDRO DA ALDEIA;2;
P DO CARRO;SAO PEDRO DA ALDEIA;2;
PT DO CARRO;SAO PEDRO DA ALDEIA;2;
P ROCA;SAQUAREMA;2;
VILA TU;SAQUAREMA;2;
PT ROCHA;SAQUAREMA;2;
B ESPERENCA;SEROPEDICA;2;
JRD DAS ACACIAS;SEROPEDICA;2;
F CAXIAS;SEROPEDICA;2;
J ACACIAS;SEROPEDICA;2;
F BRASIL;SILVA JARDIM;2;
BANDEIRANTES I;TANGUA;2;
Q FRASCOS;TERESOPOLIS;2;
P NOVA;TERESOPOLIS;2;
T CORREGOS;TERESOPOLIS;2;
S CAPIM;TERESOPOLIS;2;
COL ALPINA;TERESOPOLIS;2;
B VASSOURAS;VASSOURAS;2;
R DOIS;VOLTA REDONDA;2;
DIVISA II (DOIS);VOLTA REDONDA;2;
SERRA D' AGUA;ANGRA DOS REIS;1;
PARQUE N HORIZONTE;ANGRA DOS REIS;1;
B A REIS;ANGRA DOS REIS;1;
MORRO DA GLORIA 2;ANGRA DOS REIS;1;
GLORIA UM;ANGRA DOS REIS;1;
M PERES;ANGRA DOS REIS;1;
SAPINHATUBA 1;ANGRA DOS REIS;1;
GLORIA II;ANGRA DOS REIS;1;
MORRO DA GLORIA II;ANGRA DOS REIS;1;
CAPUTERA UM;ANGRA DOS REIS;1;
PQR MANBUCABA;ANGRA DOS REIS;1;
PR ABRAAO;ANGRA DOS REIS;1;
SANTO ANTONIO II;ANGRA DOS REIS;1;
C D AGUA;ANGRA DOS REIS;1;
C PEQUENO;ANGRA DOS REIS;1;
MORRO GLORIA 2;ANGRA DOS REIS;1;
S D;ANGRA DOS REIS;1;
PR RIBEIRA;ANGRA DOS REIS;1;
CAPUTERA II;ANGRA DOS REIS;1;
SAPINHA TUBA I;ANGRA DOS REIS;1;
ENG GRANDE;ARARUAMA;1;
R LIMAO;ARARUAMA;1;
P MATARUNA;ARARUAMA;1;
XV DE NOVEMBRO;ARARUAMA;1;
S VICENTE PAULO;ARARUAMA;1;
A BRANCO;ARARUAMA;1;
PCA DA BANDEIRA;ARARUAMA;1;
PR GAVIAO;ARARUAMA;1;
P AREAL;ARARUAMA;1;
P DOS LEITES;ARARUAMA;1;
B PAU;ARARUAMA;1;
P REIS;ARARUAMA;1;
PR PONTINHA;ARARUAMA;1;
M GRANDE;ARARUAMA;1;
F VELHA;AREAL;1;
PR ACACIAS;ARMACAO DE BUZIOS;1;
PR OSSOS;ARMACAO DE BUZIOS;1;
SEM BRACA;ARMACAO DE BUZIOS;1;
S BRASA;ARMACAO DE BUZIOS;1;
AT SERRINHA;ARMACAO DE BUZIOS;1;
S GRACAS;ARMACAO DE BUZIOS;1;
MORRO B VISTA;ARRAIAL DO CABO;1;
MTE  ALTO;ARRAIAL DO CABO;1;
R DOS SABIAS;ARRAIAL DO CABO;1;
P ANJOS;ARRAIAL DO CABO;1;
O VELHAS;BARRA DO PIRAI;1;
LGO AZUL;BARRA DO PIRAI;1;
VZ ALEGRE;BARRA DO PIRAI;1;
N S SANTANA;BARRA DO PIRAI;1;
N S AMPARO;BARRA MANSA;1;
M CRUZEIRO;BARRA MANSA;1;
G. VARGAS;BARRA MANSA;1;
B VISTA II;BARRA MANSA;1;
JARDIM PT ALTA;BARRA MANSA;1;
V CORINGA;BARRA MANSA;1;
VILA S MARIA II;BARRA MANSA;1;
ROSELANDIA II;BARRA MANSA;1;
LOT SAO SEBASTIAO;BARRA MANSA;1;
REC. DO SOL;BARRA MANSA;1;
VILA S MARIA;BARRA MANSA;1;
V DIVINO;BARRA MANSA;1;
SNT AMELIA;BELFORD ROXO;1;
PARQUE J FERREIRA;BELFORD ROXO;1;
PQR FLORESTA;BELFORD ROXO;1;
P SAO VICENTE;BELFORD ROXO;1;
LT VX;BELFORD ROXO;1;
V IDEAL II;BELFORD ROXO;1;
NS CARMO;BELFORD ROXO;1;
PQR MUIZA;BELFORD ROXO;1;
PQE S JOSE;BELFORD ROXO;1;
S FRANSISCO;BELFORD ROXO;1;
PARQUE S PEDRO;BELFORD ROXO;1;
APOLLO 12;BELFORD ROXO;1;
S TERSA;BELFORD ROXO;1;
D FILHO 3;BELFORD ROXO;1;
PARQUE  S JOSE;BELFORD ROXO;1;
JARDIM IDEAL 1;BELFORD ROXO;1;
PEQ B SORTE;BELFORD ROXO;1;
VL. PAULINE;BELFORD ROXO;1;
S LUZIA DO OUTEIRO;BELFORD ROXO;1;
A BRNACA;BELFORD ROXO;1;
NAO INFORMAMDO;BELFORD ROXO;1;
B. PASTOR;BELFORD ROXO;1;
VILA S  TEREZA;BELFORD ROXO;1;
W ROSEIRAL;BELFORD ROXO;1;
VLE  MANGUEIRAS;BELFORD ROXO;1;
VILA STA TERESA;BELFORD ROXO;1;
PARQUE SAP VICENTE;BELFORD ROXO;1;
VILA ST TERESA;BELFORD ROXO;1;
V MANGUEIRAS;BELFORD ROXO;1;
N PIA;BELFORD ROXO;1;
PARQUE S LEOPOLDO;BELFORD ROXO;1;
J I DOIS;BELFORD ROXO;1;
JARDIM B PSTOR;BELFORD ROXO;1;
JARDIM S  VERONICA;BELFORD ROXO;1;
JS REDENTOR;BELFORD ROXO;1;
B VEREMELHO;BELFORD ROXO;1;
JARDIM S JOSE;BELFORD ROXO;1;
V. ESPERANCA;BELFORD ROXO;1;
P FLORESTA;BELFORD ROXO;1;
SGT  RONCALI;BELFORD ROXO;1;
R CALICIAS;BELFORD ROXO;1;
RET FELIZ;BELFORD ROXO;1;
PQR S VICENTE;BELFORD ROXO;1;
NOVA PIA;BELFORD ROXO;1;
SIT R FELIZ;BELFORD ROXO;1;
N ELDOURADO;BELFORD ROXO;1;
VILA S TEDORO;BELFORD ROXO;1;
N AUTORA;BELFORD ROXO;1;
PQE AMORIM;BELFORD ROXO;1;
NV  PIA;BELFORD ROXO;1;
JARDIM N ESPERANCA;BELFORD ROXO;1;
J IPE;BELFORD ROXO;1;
R D CALIFAS;BELFORD ROXO;1;
J ANAPOLIS;BELFORD ROXO;1;
S DIMAS;BELFORD ROXO;1;
CONJ B VERMELHO;BELFORD ROXO;1;
JARDIM D  FILHO;BELFORD ROXO;1;
B  SORTE;BELFORD ROXO;1;
PARQUE S MARTINHO;BELFORD ROXO;1;
PARQUE L FERREIRA;BELFORD ROXO;1;
VILA STA TEREZA;BELFORD ROXO;1;
JARDIM S TEREZA;BELFORD ROXO;1;
VIL RICA;BELFORD ROXO;1;
NV  EL DOURADO;BELFORD ROXO;1;
SG RONCALE;BELFORD ROXO;1;
S LOPOLDO;BELFORD ROXO;1;
JARDIM L FILHO;BELFORD ROXO;1;
SIT RETIRO FELIZ;BELFORD ROXO;1;
J BOM PASTRO;BELFORD ROXO;1;
JRD IPE;BELFORD ROXO;1;
PARQUE S BVICENTE;BELFORD ROXO;1;
E FEQUET;BELFORD ROXO;1;
VLE DO IPE;BELFORD ROXO;1;
V S TEREZA;BELFORD ROXO;1;
VS S ANTONIO;BELFORD ROXO;1;
A FELICIDADE;BELFORD ROXO;1;
MTE HOREB;BELFORD ROXO;1;
V DAS MANGUEIRA;BELFORD ROXO;1;
CASTANHEIRA II;BELO HORIZONTE;1;
LOTE DEZ;BOCAINA DE MINAS;1;
MTE CALVARIO;BOM JESUS DO ITABAPOANA;1;
LAGO SUL;BRASILIA;1;
PARQUE EL DORADO III;CABO FRIO;1;
CM BUSIOS;CABO FRIO;1;
EL DOURADO II;CABO FRIO;1;
2Aº DISTRITO UNAMAR;CABO FRIO;1;
VILA DO AR;CABO FRIO;1;
M A DOIS;CABO FRIO;1;
BARRA DE S JOAO;CABO FRIO;1;
S ANTONIO TAMOIOS;CABO FRIO;1;
S A TAMOIOS;CABO FRIO;1;
M JOAQUINA;CABO FRIO;1;
PR SIQUEIRA, DO;CABO FRIO;1;
PR DE SIQUEIRA;CABO FRIO;1;
PR DUNAS;CABO FRIO;1;
PR FOGUETE;CABO FRIO;1;
CM DE BUZIOS;CABO FRIO;1;
S J MARAPORA;CACHOEIRAS DE MACACU;1;
S JAPUIBA;CACHOEIRAS DE MACACU;1;
S J DA BOA MORTE;CACHOEIRAS DE MACACU;1;
C PRADO;CACHOEIRAS DE MACACU;1;
KM 48;CACHOEIRAS DE MACACU;1;
S HENRI;CACHOEIRAS DE MACACU;1;
G CIMA;CACHOEIRAS DE MACACU;1;
JARDIM SAN DIEGO;CAMPINAS;1;
B NUVENS;CAMPOS DO JORDAO;1;
S BRAGA;CAMPOS DOS GOYTACAZES;1;
C TOCOS;CAMPOS DOS GOYTACAZES;1;
S EDUARDO;CAMPOS DOS GOYTACAZES;1;
FAROL S TOME;CAMPOS DOS GOYTACAZES;1;
R PRETO;CAMPOS DOS GOYTACAZES;1;
S MARTIM;CAMPOS DOS GOYTACAZES;1;
PARQUE S SILVESTRE;CAMPOS DOS GOYTACAZES;1;
PARQUE T MIRANDA;CAMPOS DOS GOYTACAZES;1;
PARQUE C LUZ;CAMPOS DOS GOYTACAZES;1;
PARQUE V G DIAS;CAMPOS DOS GOYTACAZES;1;
R VELHO;CAMPOS DOS GOYTACAZES;1;
PTA LAMA;CAMPOS DOS GOYTACAZES;1;
C MOREIRA;CAMPOS DOS GOYTACAZES;1;
N EL DORADO;CAMPOS DOS GOYTACAZES;1;
PARQUE P VARGAS;CAMPOS DOS GOYTACAZES;1;
T CAMPOS;CAMPOS DOS GOYTACAZES;1;
ITATERA 1;CAMPOS DOS GOYTACAZES;1;
PARQUE V URURAI;CAMPOS DOS GOYTACAZES;1;
PRAIA DO ACU;CAMPOS DOS GOYTACAZES;1;
S T FLORESTA;CANTAGALO;1;
S RITA DA FLORESTA;CANTAGALO;1;
S R FLORESTA;CANTAGALO;1;
PAO DE LO;CARDOSO MOREIRA;1;
OLHOS D;CARDOSO MOREIRA;1;
MORADA DE SANTA SE;CARIACICA;1;
P GARIBALDE;CASIMIRO DE ABREU;1;
S ELI;CASIMIRO DE ABREU;1;
S IRENE;CASIMIRO DE ABREU;1;
M POETA;CASIMIRO DE ABREU;1;
R PALMEIRAS;CORDEIRO;1;
R POETICO;CORDEIRO;1;
R GONCALVES;CORDEIRO;1;
LOT PANAIR;CORDEIRO;1;
PRS MISSOES;DUQUE DE CAXIAS;1;
S PESSOA;DUQUE DE CAXIAS;1;
PRA VILA NOVA;DUQUE DE CAXIAS;1;
N JERUSALEM;DUQUE DE CAXIAS;1;
PARQUE JD ABDALA;DUQUE DE CAXIAS;1;
S. CRUZ DA SERRA;DUQUE DE CAXIAS;1;
P REDENTOR;DUQUE DE CAXIAS;1;
PD ESTRELA;DUQUE DE CAXIAS;1;
N CMAPINAS;DUQUE DE CAXIAS;1;
P DOS FERREIRAS;DUQUE DE CAXIAS;1;
VILA M ELENA;DUQUE DE CAXIAS;1;
JARDIM V C DE AGOSTO;DUQUE DE CAXIAS;1;
A CLARA;DUQUE DE CAXIAS;1;
PARQUE D NACOES;DUQUE DE CAXIAS;1;
C ELIESOS;DUQUE DE CAXIAS;1;
TR MISSOES, DA;DUQUE DE CAXIAS;1;
VILA J CABRAL;DUQUE DE CAXIAS;1;
PRW N CAMPINA;DUQUE DE CAXIAS;1;
PARQUE A EQUITATIVA;DUQUE DE CAXIAS;1;
JARDIM V C AGOSTOS;DUQUE DE CAXIAS;1;
JA PRIMAVERA;DUQUE DE CAXIAS;1;
JARDIM F SEMANA;DUQUE DE CAXIAS;1;
P MUISA;DUQUE DE CAXIAS;1;
C ELIZIOS;DUQUE DE CAXIAS;1;
PARQUE B RIBEIRO;DUQUE DE CAXIAS;1;
VI MARIA HELENA;DUQUE DE CAXIAS;1;
CH ARCAMPO;DUQUE DE CAXIAS;1;
JARDIM  ANA CLARA;DUQUE DE CAXIAS;1;
S ISIDRO;DUQUE DE CAXIAS;1;
JARDIM B ANA CLARA;DUQUE DE CAXIAS;1;
C ELISOS;DUQUE DE CAXIAS;1;
PARQUE S PESSOA;DUQUE DE CAXIAS;1;
VILA S J TADEUS;DUQUE DE CAXIAS;1;
N CAMPINHAS;DUQUE DE CAXIAS;1;
PARQUE S  BONFIM;DUQUE DE CAXIAS;1;
PARQUE VL NOVA II;DUQUE DE CAXIAS;1;
P LAFAIETE;DUQUE DE CAXIAS;1;
B DE FATIMA;DUQUE DE CAXIAS;1;
PQR ANALANDIA;DUQUE DE CAXIAS;1;
PARQUE S ISABEL;DUQUE DE CAXIAS;1;
J V C AGOSTO;DUQUE DE CAXIAS;1;
N S BENTO;DUQUE DE CAXIAS;1;
OLV BILAC;DUQUE DE CAXIAS;1;
CPS ELISEOS;DUQUE DE CAXIAS;1;
CH RIO PETROPOLIS;DUQUE DE CAXIAS;1;
PQP PAULISTA;DUQUE DE CAXIAS;1;
PQE S BENTO;DUQUE DE CAXIAS;1;
LAGUNAS E DOURADOS;DUQUE DE CAXIAS;1;
NOV A CAMPINA;DUQUE DE CAXIAS;1;
JARDIM SOL;DUQUE DE CAXIAS;1;
V IDEAL;DUQUE DE CAXIAS;1;
P DUQUE;DUQUE DE CAXIAS;1;
NV  CAMPINA;DUQUE DE CAXIAS;1;
JARDIM V  C  AGOSTO;DUQUE DE CAXIAS;1;
S C CRUZ;DUQUE DE CAXIAS;1;
CP ELISIOS;DUQUE DE CAXIAS;1;
ANA CAROLINA;DUQUE DE CAXIAS;1;
N CAMPPINA;DUQUE DE CAXIAS;1;
PARQUE JD PRIMAVERA;DUQUE DE CAXIAS;1;
V ROSARIO;DUQUE DE CAXIAS;1;
V KENEDI;DUQUE DE CAXIAS;1;
PQR ELDOURADO;DUQUE DE CAXIAS;1;
PARQUE JOA PESSOA;DUQUE DE CAXIAS;1;
S ANTONIO DA SERRA;DUQUE DE CAXIAS;1;
PARQUE B BEIRA;DUQUE DE CAXIAS;1;
S CSERRA;DUQUE DE CAXIAS;1;
CPM ELISIOS;DUQUE DE CAXIAS;1;
S CRUZ SERRA, DA;DUQUE DE CAXIAS;1;
PARQUE S BONFIN;DUQUE DE CAXIAS;1;
JARDIM DEI;DUQUE DE CAXIAS;1;
P MORABI II;DUQUE DE CAXIAS;1;
V VITAL;DUQUE DE CAXIAS;1;
C ELIZEOS;DUQUE DE CAXIAS;1;
V MADALENA;DUQUE DE CAXIAS;1;
VILA M MADALENA;DUQUE DE CAXIAS;1;
JD. METROPOLE;DUQUE DE CAXIAS;1;
R B RETIRO;DUQUE DE CAXIAS;1;
JARDIM XV AGOSTO;DUQUE DE CAXIAS;1;
PARQUE NV DOIS;DUQUE DE CAXIAS;1;
JARDIM XXV  AGOSTO;DUQUE DE CAXIAS;1;
PQE LAFAIETE;DUQUE DE CAXIAS;1;
A DOURADO;DUQUE DE CAXIAS;1;
P BEIRA MAR;DUQUE DE CAXIAS;1;
ANA  CLARA;DUQUE DE CAXIAS;1;
JARDIM G BRANCO;DUQUE DE CAXIAS;1;
J DEISE;DUQUE DE CAXIAS;1;
C ALISEOS;DUQUE DE CAXIAS;1;
S J  TADEU;DUQUE DE CAXIAS;1;
V ELMA;DUQUE DE CAXIAS;1;
V S LUIS;DUQUE DE CAXIAS;1;
ST CRUZ SERRA;DUQUE DE CAXIAS;1;
N CAMIPNAS;DUQUE DE CAXIAS;1;
JM PRIMAVERA;DUQUE DE CAXIAS;1;
S ABRIL;DUQUE DE CAXIAS;1;
SANTA C SERRA;DUQUE DE CAXIAS;1;
PA MUIZA;DUQUE DE CAXIAS;1;
V MARIA HELENA;DUQUE DE CAXIAS;1;
P. ANGELICA;DUQUE DE CAXIAS;1;
LAGUNA E DOURADOS;DUQUE DE CAXIAS;1;
JAD PRIMAVERA;DUQUE DE CAXIAS;1;
JARDIM V AGOSTO;DUQUE DE CAXIAS;1;
VILA B MAR;DUQUE DE CAXIAS;1;
P ALVORADA;DUQUE DE CAXIAS;1;
PARQUE LAGUNA E DOURADOS;DUQUE DE CAXIAS;1;
CH RIO PETRPOLIS;DUQUE DE CAXIAS;1;
L DOURADOS;DUQUE DE CAXIAS;1;
O BILACK;DUQUE DE CAXIAS;1;
N S DAS GRACAS;DUQUE DE CAXIAS;1;
PRA ANGELICA;DUQUE DE CAXIAS;1;
CP ELISEOS;DUQUE DE CAXIAS;1;
BAIRA MAR;DUQUE DE CAXIAS;1;
JARDIM 25 AGOSTO;DUQUE DE CAXIAS;1;
JR PRIMAVERA;DUQUE DE CAXIAS;1;
XV DE AGOSTO;DUQUE DE CAXIAS;1;
DOM MANUEL;DUQUE DE CAXIAS;1;
S ALICE;DUQUE DE CAXIAS;1;
N. CAMPINA;DUQUE DE CAXIAS;1;
JARDIM PQ PRIMAVERA;DUQUE DE CAXIAS;1;
JARDIM ANGA II;DUQUE DE CAXIAS;1;
PQR VILA NOVA;DUQUE DE CAXIAS;1;
PRA MISSOES;DUQUE DE CAXIAS;1;
PRD MORABI II;DUQUE DE CAXIAS;1;
CHS RIO PETROPOLIS;DUQUE DE CAXIAS;1;
A ELISIUS;DUQUE DE CAXIAS;1;
PARQUE J. PESSOA;DUQUE DE CAXIAS;1;
VILA ST ANTONIO;DUQUE DE CAXIAS;1;
PRD  ANGELICA;DUQUE DE CAXIAS;1;
JARDIM ANHANGA II;DUQUE DE CAXIAS;1;
V SAPE;DUQUE DE CAXIAS;1;
C ELESEOS;DUQUE DE CAXIAS;1;
VINTE E UM DE ABRIL;DUQUE DE CAXIAS;1;
V URUCAI;DUQUE DE CAXIAS;1;
V SANTA CRUZ;DUQUE DE CAXIAS;1;
MORABI II;DUQUE DE CAXIAS;1;
D TREZENTOS;DUQUE DE CAXIAS;1;
S C  SERRA;DUQUE DE CAXIAS;1;
VILA BEIRA MAR;DUQUE DE CAXIAS;1;
CPS ELISIOS;DUQUE DE CAXIAS;1;
C ELISEIOS;DUQUE DE CAXIAS;1;
VC AGOSTO;DUQUE DE CAXIAS;1;
SC DA SERRA;DUQUE DE CAXIAS;1;
DOM  BOSCO;DUQUE DE CAXIAS;1;
S J ACACIO;ENGENHEIRO CALDAS;1;
J NOVO RODEIO;ENGENHEIRO PAULO DE FRONTIN;1;
JARDIM NV RODEIO;ENGENHEIRO PAULO DE FRONTIN;1;
RUA NOVA;FEIRA DE SANTANA;1;
G VALADARES;GOVERNADOR VALADARES;1;
V RECREIO;GUAPIMIRIM;1;
P FREIXAL;GUAPIMIRIM;1;
J SANTO AMARO;GUAPIMIRIM;1;
Q ROSANGELA;GUAPIMIRIM;1;
VLE PEDRINHA;GUAPIMIRIM;1;
J GUAPIMIRIM;GUAPIMIRIM;1;
VAR ALEGRE;GUAPIMIRIM;1;
PRD MODELO;GUAPIMIRIM;1;
TRANCA RUA;GUAPIMIRIM;1;
JRD GUAPIMIRIM;GUAPIMIRIM;1;
PQR FLEIXAL;GUAPIMIRIM;1;
P NITEROI;GUAPIMIRIM;1;
JIQUITI BAR;GUAPIMIRIM;1;
A PRETA;GUARAPARI;1;
PR MORRO;GUARAPARI;1;
CANELA FIT;IGUABA;1;
VILAREJO D IGUABA 1;IGUABA GRANDE;1;
C CITY;IGUABA GRANDE;1;
NV LIMA;IGUABA GRANDE;1;
C CIPY;IGUABA GRANDE;1;
SNT EXPEDITO;ITABORAI;1;
VINTE E OITO;ITABORAI;1;
APOLLO 2;ITABORAI;1;
APOLLO 3;ITABORAI;1;
APLO II;ITABORAI;1;
GRJ  CABUCU;ITABORAI;1;
S ESPEDITO;ITABORAI;1;
RUA QUENTE;ITABORAI;1;
G RIO (ANTIGO PE DE BRIGA);ITABORAI;1;
R VARZIA;ITABORAI;1;
R VARGEA;ITABORAI;1;
A III;ITABORAI;1;
NSA SRA FATIMA;ITABORAI;1;
PT DA CAIXAS;ITABORAI;1;
GEBARA II;ITABORAI;1;
V D ITABORAI;ITABORAI;1;
R VARSEA;ITABORAI;1;
V DO SOL;ITABORAI;1;
PARQUE STA ROSA DE LIMA;ITABORAI;1;
O  PEDRAS;ITABORAI;1;
MEU SOSSEGO;ITABORAI;1;
R VARGAS;ITABORAI;1;
RUA 100;ITABORAI;1;
PQR AURORA;ITABORAI;1;
RIO VARZEA II;ITABORAI;1;
T NOBRE;ITABORAI;1;
GDE RIO;ITABORAI;1;
R SAO JOAQUIM;ITABORAI;1;
JARDIM N ALIANCA;ITABORAI;1;
BNH RETA;ITABORAI;1;
NOVA C;ITABORAI;1;
M MARAMBAIA;ITABORAI;1;
V DA PEDRAS;ITABORAI;1;
A DA PRATA;ITABORAI;1;
VLE LUAR;ITABORAI;1;
GABRIELA I;ITABORAI;1;
BNH RETA NOVA;ITABORAI;1;
GRD RIO;ITABORAI;1;
A GARCIA;ITABORAI;1;
P AURORA;ITABORAI;1;
RUA CEM;ITABORAI;1;
VILA SOL;ITABORAI;1;
V PEDRA;ITABORAI;1;
V LUAR;ITABORAI;1;
R VASO;ITABORAI;1;
G BARA;ITABORAI;1;
J IMPERIAL;ITABORAI;1;
PT VERDE;ITABORAI;1;
PARQUE S JOAQUIM;ITABORAI;1;
R  VELHA;ITABORAI;1;
AL DA BOA VISTA;ITABORAI;1;
QUISSAMA I;ITABORAI;1;
QUICAMA 2;ITABORAI;1;
CEN TRO;ITABORAI;1;
M NOBRE;ITABORAI;1;
J V N  ITAMBI;ITABORAI;1;
GD RIO;ITABORAI;1;
C AREAL;ITABORAI;1;
G RIO ITAMBI;ITABORAI;1;
R VARGE;ITABORAI;1;
A INDUSTRIAL;ITAGUAI;1;
JARDIM V S DEZEMBRO;ITAGUAI;1;
ESTRELA CEU;ITAGUAI;1;
IBIRAPITANGA II;ITAGUAI;1;
JARDIM MAR ITAGUAI;ITAGUAI;1;
VILA CEU;ITAGUAI;1;
V SEIS DE DEZEMBRO;ITAGUAI;1;
V GENI;ITAGUAI;1;
JRD UEDA;ITAGUAI;1;
DJ MAR;ITAGUAI;1;
R CACAO;ITAGUAI;1;
JARDIM NA;ITAGUAI;1;
EST CEU, DO;ITAGUAI;1;
A LINDAS;ITAGUAI;1;
CHAPERO (GLEBA A);ITAGUAI;1;
EST DO CEU;ITAGUAI;1;
J RIVIERA;ITAGUAI;1;
CDD INDUSTRIAL;ITAGUAI;1;
ESTRALA DO CEU;ITAGUAI;1;
JVL MARGARIDA;ITAGUAI;1;
CR GRANDE;ITAGUAI;1;
SAN SALVADOR;ITAGUAI;1;
VAL DO SOL;ITAGUAI;1;
CHAPERO A;ITAGUAI;1;
S R CASSIA;ITAJUIPE;1;
H FLORESTAL;ITAOCARA;1;
MAX NUNES;ITAOCARA;1;
R MEIRELES;ITAPEMIRIM;1;
LOT JOAO BEDIM;ITAPERUNA;1;
B FORTUNA;ITAPERUNA;1;
CENTRO / MORRO DO CASTELO;ITAPERUNA;1;
PRES COSTA E SILVA;ITAPERUNA;1;
N S PENHA,  DA;ITAPERUNA;1;
N S PENHA, DA;ITAPERUNA;1;
NS PENHA;ITAPERUNA;1;
J ITATIAIA;ITATIAIA;1;
N CONQUISTA;ITATIAIA;1;
V FATIMA;JAPERI;1;
S BORJA;JAPERI;1;
V CARMELITA;JAPERI;1;
VILA N S ROSARIO;JAPERI;1;
E PEDREDIRA;JAPERI;1;
V UNIAO;JAPERI;1;
E PEDREIA;JAPERI;1;
JB B HORIZONTE;JAPERI;1;
JARDIM R D;JAPERI;1;
PARQUE MUCAJA III;JAPERI;1;
PARQUE MUCAJA II;JAPERI;1;
VILA C MARIA;JAPERI;1;
PARQUE MUCAJA 2;JAPERI;1;
S TERISINHA;JAPERI;1;
E  PEDREIRA;JAPERI;1;
MANGABEIRA II;JOAO PESSOA;1;
MAR DE ESPANHA;JUIZ DE FORA;1;
CIDADE DO SOL;JUIZ DE FORA;1;
A DEBAIXO;MACAE;1;
S J BARRETO;MACAE;1;
LAGO MAR;MACAE;1;
N HORINZONTE;MACAE;1;
PR CAVALEIROS;MACAE;1;
B DE MACAE;MACAE;1;
A BAIXO;MACAE;1;
N VISCONDE;MACAE;1;
PARQUE V MIRANDA;MACAE;1;
NV HOLANDA;MACAE;1;
B BENTES;MACEIO;1;
T MARTINS;MACEIO;1;
M MARCIA;MAGE;1;
CMD REIS;MAGE;1;
R ESPERANCA;MAGE;1;
PR DOS CAVALHEIROS;MAGE;1;
PARQUE B BRANCA;MAGE;1;
PEDRO II;MAGE;1;
JR NAZARENO;MAGE;1;
P HUMAITA;MAGE;1;
B SACO;MAGE;1;
PCA DE GUERRA;MAGE;1;
J ESMERALDA;MAGE;1;
PR COROA;MAGE;1;
P IRIRI;MAGE;1;
JRD MARINGA;MAGE;1;
PR S FRANCICO;MAGE;1;
B BRANCA;MAGE;1;
T CLUBE;MAGE;1;
S ELEIXO;MAGE;1;
P FINAL;MAGE;1;
J NOSSA SENHORA DA PIEDADE;MAGE;1;
SAIONARA II;MAGE;1;
M MIRIM;MAGE;1;
V MAIA;MAGE;1;
PARQUE ESTRELA SEM TERRA;MAGE;1;
P SURUI;MAGE;1;
PR DO ANIL;MAGE;1;
V INHOMIRIM;MAGE;1;
P ESTRELA;MAGE;1;
P BONEVILLE;MAGE;1;
PR CACULA;MAGE;1;
R ESTRELA;MAGE;1;
N  MARILIA;MAGE;1;
J NAZARENO;MAGE;1;
P OLARIA;MAGE;1;
S FIGUEIRA;MAGE;1;
PR DA ESPERANCA;MAGE;1;
JARDIM N S PIEDADE, DA;MAGE;1;
JARDIM N S DA PIEDADE;MAGE;1;
S FRANCISCO DO CRUARA;MAGE;1;
N S PIEDADE;MAGE;1;
J BELA FLORESTA;MAGE;1;
J PAZ;MAGE;1;
S ALECHO;MAGE;1;
P B BRANCA;MAGE;1;
P CACULA;MAGE;1;
V SERRANA;MAGE;1;
N CAVALEIRO;MAGE;1;
JARDIM N SENHORA DA PIEDADE;MAGE;1;
PR  MAUA;MAGE;1;
LD DA PAZ;MAGE;1;
EL RANCHEDO;MANGARATIBA;1;
CACHOEIRINHA I;MANGARATIBA;1;
I TACURACA;MANGARATIBA;1;
PRAIA DO SAI;MANGARATIBA;1;
E JUNQUEIRA;MANGARATIBA;1;
PR SAI;MANGARATIBA;1;
PR SAPO;MANGARATIBA;1;
P BOA VISTA;MANGARATIBA;1;
C D JACAREI;MANGARATIBA;1;
NV MANGARATIBA;MANGARATIBA;1;
RUA DA PALHA;MANGARATIBA;1;
PR  SACO;MANGARATIBA;1;
PR APARA;MANGARATIBA;1;
S J DO IMBASSAI;MARICA;1;
S IMBASSAI;MARICA;1;
R REIS;MARICA;1;
PR LAGOAS;MARICA;1;
J BALNEARIO;MARICA;1;
S J DE IMBASSAY;MARICA;1;
JARDIM N GUARATIBA;MARICA;1;
S JOSE IMBASSAI;MARICA;1;
PARQUE B FUNDO;MARICA;1;
S J  IMBASSAY;MARICA;1;
V MOCAS, DAS;MARICA;1;
PTN NEGRA;MARICA;1;
PR AMENDOEIRAS;MARICA;1;
S JOSE IMBACAI;MARICA;1;
R ITAIPUACU;MARICA;1;
VALE DA FIIGUEIRA II;MARICA;1;
REC ITAPUIASSU;MARICA;1;
VILA FIGUEIRA UM;MARICA;1;
JARDIM V CRUZ;MARICA;1;
J INTERLAGOS;MARICA;1;
T DAS FLORES;MARICA;1;
R VERDE;MARICA;1;
S J INBACAI;MARICA;1;
S B LAGOA;MARICA;1;
S J DE EMBASSAY;MARICA;1;
PTN GROSSA;MARICA;1;
J J DO IMBASSAI;MARICA;1;
S JOSE DE IMACAI;MARICA;1;
R DE ITAIPUACU;MARICA;1;
S JOSE DE ISSAMBAETIBA;MARICA;1;
J ATLANTICO;MARICA;1;
S J DE IMBACAI;MARICA;1;
S JOSE DE EMBASSAI;MARICA;1;
B DIVINEIA;MARICA;1;
S J AMABASSAI;MARICA;1;
S J EMBASSAI, DO;MARICA;1;
JARDIM N METROPOLI;MARICA;1;
M SAPUCAI;MARICA;1;
S J DO IMBACAI;MARICA;1;
J S IMBACAI;MARICA;1;
T VALE;MARICA;1;
SJ IMBASSAY;MARICA;1;
S J YMBASSAI;MARICA;1;
PR MARICA;MARICA;1;
A FRIA;MENDES;1;
O RUDGES;MENDES;1;
H ANTUNES;MENDES;1;
SNT TERESINHA;MESQUITA;1;
D LAMARE;MESQUITA;1;
J ARCAS;MESQUITA;1;
F POLVARA;MESQUITA;1;
RC SOBRINHO;MESQUITA;1;
P AREIA;MESQUITA;1;
V ENIL;MESQUITA;1;
E PASSO;MESQUITA;1;
STO ELISIO;MESQUITA;1;
B D AREIA;MESQUITA;1;
E DALVA;MESQUITA;1;
STS TEREZINHA;MESQUITA;1;
B D AREIRA;MESQUITA;1;
VILA MIL;MESQUITA;1;
R SOBINHO;MESQUITA;1;
CHATUB A;MESQUITA;1;
A TEREZINHA;MESQUITA;1;
M CRISTINA;MESQUITA;1;
R SOBRINHA;MESQUITA;1;
J KUBITSCHEK;MESQUITA;1;
PS JUSCELINO;MESQUITA;1;
R SOBRINO;MESQUITA;1;
POLVORA / EDSON PASSOS;MESQUITA;1;
S JUDAS;MIGUEL PEREIRA;1;
B JAVARI;MIGUEL PEREIRA;1;
P D PONTE;MIGUEL PEREIRA;1;
JR REMANSO;MIGUEL PEREIRA;1;
P PONTE;MIGUEL PEREIRA;1;
V SUICA;MIGUEL PEREIRA;1;
S J DA ROLINHA;MIGUEL PEREIRA;1;
PCA PONTE, DA;MIGUEL PEREIRA;1;
PCA PONTE;MIGUEL PEREIRA;1;
R DOUDO;MIGUEL PEREIRA;1;
G PORTELA;MIGUEL PEREIRA;1;
VILA J CARVALHO;MIRACEMA;1;
PR MOSQUEIRO;NAO INFORMADO;1;
L ILHA;NATIVIDADE;1;
S DRUMONT;NILOPOLIS;1;
N HORIZONTEL;NILOPOLIS;1;
S. NEIVA;NILOPOLIS;1;
NOSSA SRA DE FATIMA;NILOPOLIS;1;
N HORIZINTE;NILOPOLIS;1;
N HORIZNTE;NILOPOLIS;1;
N SRA  FATIMA;NILOPOLIS;1;
PTA D'AREIA;NITEROI;1;
V D MOCAS;NITEROI;1;
S  BARBARA;NITEROI;1;
M PEQUENO;NITEROI;1;
IL CONCEICAO;NITEROI;1;
M PAULO;NITEROI;1;
VZ MOCAS;NITEROI;1;
V BASIL;NITEROI;1;
LAG BATALHA;NITEROI;1;
S FRANCISO;NITEROI;1;
V  CRUZ;NITEROI;1;
R MOLHADO;NITEROI;1;
NV MEXICO;NITEROI;1;
VT BRASIL;NITEROI;1;
I DA CONCEICAO;NITEROI;1;
TN JARDIM;NITEROI;1;
E MATO, DO;NITEROI;1;
ENG MATO, DO;NITEROI;1;
JARDIM N NITEROI;NITEROI;1;
M VISTA;NITEROI;1;
MORRO DO CEU;NITEROI;1;
MAR AVISTA;NITEROI;1;
IA MOCANGUE;NITEROI;1;
ILH CONCEICAO;NITEROI;1;
VZ DAS MOCAS;NITEROI;1;
IL DA CONCEICAO;NITEROI;1;
LGO DA BATALHA;NITEROI;1;
PONTA D AREIA;NITEROI;1;
VILA F UM;NITEROI;1;
S PEDRO SERRA;NOVA FRIBURGO;1;
PARQUE M TERESA;NOVA FRIBURGO;1;
CRG D'ANTAS;NOVA FRIBURGO;1;
LOT SIT JACINA;NOVA FRIBURGO;1;
CNS PAULINO;NOVA FRIBURGO;1;
S PEDRO DA SERRA;NOVA FRIBURGO;1;
A OLARIA;NOVA FRIBURGO;1;
PARQUE S FRANCISCO DE APULA;NOVA FRIBURGO;1;
RUI FANGLAND;NOVA FRIBURGO;1;
RUI SANGLARD;NOVA FRIBURGO;1;
PARQUE RES SOLARES;NOVA FRIBURGO;1;
CON PAULINO;NOVA FRIBURGO;1;
V CAVA, DE;NOVA IGUACU;1;
J S EUGENIA;NOVA IGUACU;1;
B BOTAFOGO;NOVA IGUACU;1;
D OUTUBRO;NOVA IGUACU;1;
VAL  VERDE;NOVA IGUACU;1;
BAIRRO DA LUZ;NOVA IGUACU;1;
S FRANCISCO DE PAULA I;NOVA IGUACU;1;
V S MIGUEL;NOVA IGUACU;1;
N CARLOS;NOVA IGUACU;1;
VILA V VERDE;NOVA IGUACU;1;
M COUSTO;NOVA IGUACU;1;
L PEIXES;NOVA IGUACU;1;
JARDIM NV ERA;NOVA IGUACU;1;
PARQUE S FCO PAULA;NOVA IGUACU;1;
NV ERA;NOVA IGUACU;1;
JRD AIMORE;NOVA IGUACU;1;
M  CASTELO;NOVA IGUACU;1;
JS BOA ESPERANCA;NOVA IGUACU;1;
MONTE SOL;NOVA IGUACU;1;
JARDIM GUANDUPE I;NOVA IGUACU;1;
CDR SOARES;NOVA IGUACU;1;
CJ PARQUE DAS PALMEIRAS;NOVA IGUACU;1;
JS PARAISO;NOVA IGUACU;1;
JARDIM N ATLANTIDA;NOVA IGUACU;1;
VILA OLIMPIO II;NOVA IGUACU;1;
PRADOS VERDES 3;NOVA IGUACU;1;
JARDIM VL PALMEIRAS;NOVA IGUACU;1;
PR DOS VERDES;NOVA IGUACU;1;
J N ERA;NOVA IGUACU;1;
C SOARES;NOVA IGUACU;1;
M PRATA;NOVA IGUACU;1;
M GOUTO;NOVA IGUACU;1;
LD PALMARES;NOVA IGUACU;1;
J NOVA ERA;NOVA IGUACU;1;
TODOS OS SANTOS;NOVA IGUACU;1;
JD. PARAISO;NOVA IGUACU;1;
VILA S JOAQUIM;NOVA IGUACU;1;
N S GRACA;NOVA IGUACU;1;
PQE S FRANCISO;NOVA IGUACU;1;
JS PALMARES;NOVA IGUACU;1;
PQR DA PALMEIRAS;NOVA IGUACU;1;
C D BOSCO;NOVA IGUACU;1;
JRD AYMORE;NOVA IGUACU;1;
JB VISTA;NOVA IGUACU;1;
FIGUEIRAS II;NOVA IGUACU;1;
KM 11;NOVA IGUACU;1;
JDE ROMA;NOVA IGUACU;1;
PQR SAO CARLOS;NOVA IGUACU;1;
RS D VENTOS;NOVA IGUACU;1;
JARDIM GUANDU P 1;NOVA IGUACU;1;
B  VISTA;NOVA IGUACU;1;
J BOSCO;NOVA IGUACU;1;
CJ PANTANAL;NOVA IGUACU;1;
S RAFAEL;NOVA IGUACU;1;
V BORGERTH;NOVA IGUACU;1;
PR VERDES;NOVA IGUACU;1;
VILA OLIMPO 2;NOVA IGUACU;1;
JRB BELA VISTA;NOVA IGUACU;1;
DJ PARAISO;NOVA IGUACU;1;
S FRANCISDO DE PAULA;NOVA IGUACU;1;
BURACO DO BOI;NOVA IGUACU;1;
S FRANSCISCO DE PAULA;NOVA IGUACU;1;
PARQUE S FRANCISCO PAULA;NOVA IGUACU;1;
NV JD PARAISO;NOVA IGUACU;1;
JRD ROMA;NOVA IGUACU;1;
PARAISO I;NOVA IGUACU;1;
CABO SUL;NOVA IGUACU;1;
S JD TADEU;NOVA IGUACU;1;
V VERDE II;NOVA IGUACU;1;
O FINO;NOVA IGUACU;1;
V MARILIA;NOVA IGUACU;1;
I VELHO;NOVA IGUACU;1;
C ALEGRE;NOVA IGUACU;1;
K - 11;NOVA IGUACU;1;
QTA PIEDADE;NOVA IGUACU;1;
JARDIM M CASTELO;NOVA IGUACU;1;
S FRANCISCO PAULA;NOVA IGUACU;1;
GRAO - PARA;NOVA IGUACU;1;
V MARQUISA;NOVA IGUACU;1;
J RIACHAO;NOVA IGUACU;1;
M LIBANO;NOVA IGUACU;1;
MTE SOL;NOVA IGUACU;1;
VILA N COUTO;NOVA IGUACU;1;
T MIRIM;NOVA IGUACU;1;
S PARQUE;NOVA IGUACU;1;
PRS S CARLOS;NOVA IGUACU;1;
CD SOARES;NOVA IGUACU;1;
MARCOS II;NOVA IGUACU;1;
SEM TERRA;NOVA IGUACU;1;
B GUANGU;NOVA IGUACU;1;
DEL REI;NOVA IGUACU;1;
S F DE PAULA;NOVA IGUACU;1;
KILOMETRO 32;NOVA IGUACU;1;
MTE PRATA;NOVA IGUACU;1;
P ULISSES;NOVA IGUACU;1;
J FUTURISTA;NOVA IGUACU;1;
J DOM BOSCO;NOVA IGUACU;1;
PARQUE S FRANSISCO;NOVA IGUACU;1;
R  VENTOS;NOVA IGUACU;1;
P FLORA;NOVA IGUACU;1;
GUANDU I;NOVA IGUACU;1;
P AMBAI;NOVA IGUACU;1;
SNT RITA;NOVA IGUACU;1;
P TREZE;NOVA IGUACU;1;
VILA S MICHAEL;NOVA IGUACU;1;
JARDIM STA MARIA;NOVA IGUACU;1;
E FREIRE;NOVA IGUACU;1;
JARDIM N ATLANTICA;NOVA IGUACU;1;
NS DAS GRACAS;NOVA IGUACU;1;
XII DE OUTUBRO;NOVA IGUACU;1;
PARQUE SAO FRANCISO I;NOVA IGUACU;1;
J PANTANAL;NOVA IGUACU;1;
JRD OCIDENTAL;NOVA IGUACU;1;
NV BRASILIA;NOVA IGUACU;1;
T CORACOES;NOVA IGUACU;1;
DON BOSCO;NOVA IGUACU;1;
K - 1;NOVA IGUACU;1;
JB B ESPERANCA;NOVA IGUACU;1;
KA ONZE;NOVA IGUACU;1;
S C GANDU;NOVA IGUACU;1;
PARQUE S F DE PAULA;NOVA IGUACU;1;
PARQUE JD MARAVILHA;NOVA IGUACU;1;
PRA FLORA;NOVA IGUACU;1;
J  D ARC;NOVA IGUACU;1;
N SRA DO ROSARIO;NOVA IGUACU;1;
JRD PERNAMBUCO;NOVA IGUACU;1;
PARQUE S FRABCISCO;NOVA IGUACU;1;
JARDIM PARASISO II;NOVA IGUACU;1;
PARQUE JENECIANO LUZ;NOVA IGUACU;1;
T GRANDE;NOVA IGUACU;1;
PR S CARLOS;NOVA IGUACU;1;
NV ATLANTIDA;NOVA IGUACU;1;
R FREIRE;NOVA IGUACU;1;
JOANA D;NOVA IGUACU;1;
NAO INFORMADO LUZ;NOVA IGUACU;1;
B FABRICA;PARACAMBI;1;
S DAS ARARAS;PARACAMBI;1;
DOM PEDRO I;PARATI;1;
IA DAS COBRAS;PARATI;1;
B CORUMBI;PARATI;1;
P RUIVAS;PATY DO ALFERES;1;
GJA CALIFORNIA;PATY DO ALFERES;1;
JANDEIRO I;PENEDO;1;
JOSE E MARIA;PETROLINA;1;
S BOENING;PETROPOLIS;1;
CH  FLORA ALTO DA SERRA;PETROPOLIS;1;
A INDEPENDENCIA;PETROPOLIS;1;
V ESQUILOS;PETROPOLIS;1;
D CORSETE;PETROPOLIS;1;
VAL PARAISO;PETROPOLIS;1;
LOT SAMAMBAIA;PETROPOLIS;1;
D TOUZETE;PETROPOLIS;1;
C VISTA ALEGRE;PETROPOLIS;1;
L TROVAO;PETROPOLIS;1;
M MACHADO;PETROPOLIS;1;
S SEBASTICAO;PETROPOLIS;1;
SGT BOELING;PETROPOLIS;1;
CHR FLORA;PETROPOLIS;1;
CRUZEIRO II;PINHEIRAL;1;
C AMARELA;PIRAI;1;
C VERDE;PIRAI;1;
MONTE H;PIUMA;1;
S C JESUS;PONTE NOVA;1;
V OLIVEIRA;PONTE NOVA;1;
CORONEL TOTO I;PORTO FIRME;1;
VILA S LUZIA;QUEIMADOS;1;
GJA ALZIRA;QUEIMADOS;1;
V TINGUA;QUEIMADOS;1;
JARDIM GUANDU II;QUEIMADOS;1;
V SCINTILA;QUEIMADOS;1;
NS S DA GLORIA;QUEIMADOS;1;
M RANCHINHO;QUEIMADOS;1;
N FATIMA;QUEIMADOS;1;
L CAMOES;QUEIMADOS;1;
E DOURADO;QUEIMADOS;1;
V COIMBRA;QUEIMADOS;1;
E D'OURO;QUEIMADOS;1;
G ALZIRA;QUEIMADOS;1;
VILA S FRANCISO;QUEIMADOS;1;
VALDORIOSA 1;QUEIMADOS;1;
NSSA SRA DA GLORIA;QUEIMADOS;1;
N GLORIA;QUEIMADOS;1;
C DA BANHA;QUEIMADOS;1;
PAR OLIMPICO;QUEIMADOS;1;
T S MADUREIRA;QUEIMADOS;1;
JARDIM A SEIXAS;QUEIMADOS;1;
S HUMBERTO;QUEIMADOS;1;
S N GLORIA;QUEIMADOS;1;
NS S GLORIA;QUEIMADOS;1;
VAL ARIOTA;QUEIMADOS;1;
NOSA SRA DA GLORIA;QUEIMADOS;1;
JARDIM STA ROSA;QUEIMADOS;1;
VILA V ALEGRE;QUEIMADOS;1;
V ARIOZA;QUEIMADOS;1;
PARQUE JD ALZIRA;QUEIMADOS;1;
C SETE;QUEIMADOS;1;
VC S JOAO;QUEIMADOS;1;
VJ SAO FRANCISCO;QUEIMADOS;1;
S MANUEL;QUEIMADOS;1;
V LARANJAL;QUEIMADOS;1;
JARDIM PRQ PAULISTA;QUEIMADOS;1;
V AMERICANA;QUEIMADOS;1;
N S DA CONCEICAO;QUEIMADOS;1;
NSA  DA GLORIA;QUEIMADOS;1;
N S GLORA;QUEIMADOS;1;
JARDIM P VINTE;QUEIMADOS;1;
S MANOEL;QUEIMADOS;1;
B FURADO;QUISSAMA;1;
S QUISSAMA;QUISSAMA;1;
VLE S CLARA;RESENDE;1;
N ALEGRIA;RESENDE;1;
FAZENDA DA BARRA II;RESENDE;1;
B OLARIA;RESENDE;1;
BOA VISTA UM;RESENDE;1;
JARDIM DO SOL;RESENDE;1;
FAZENDA BARRA 2;RESENDE;1;
FAZENDA BARRA 1;RESENDE;1;
A PASSOS;RESENDE;1;
N SURUBI;RESENDE;1;
JARDIM ALIANCA 1;RESENDE;1;
JARDIM ALIANCA 2;RESENDE;1;
NV ALEGRIA;RESENDE;1;
L CHULE;RIO BONITO;1;
PR CRUZEIRO;RIO BONITO;1;
AV EPIFANIA;RIO BONITO;1;
C D' AGUA;RIO BONITO;1;
CXA D' AGUA;RIO BONITO;1;
PRACA B LOPES;RIO BONITO;1;
PCA CRUZEIRO;RIO BONITO;1;
B INGLESES;RIO DAS FLORES;1;
N ESPERACA;RIO DAS OSTRAS;1;
E GAIVOTAS;RIO DAS OSTRAS;1;
C RIBEIRO;RIO DAS OSTRAS;1;
C PERAIANA;RIO DAS OSTRAS;1;
COSTA DO SOL;RIO DAS OSTRAS;1;
C BEIRA MAR;RIO DAS OSTRAS;1;
ENSEADA PRAIA MAR;RIO DAS OSTRAS;1;
N RIO DAS OSRAS;RIO DAS OSTRAS;1;
CHS MARILEIA;RIO DAS OSTRAS;1;
JARDIM CAMPO MAR;RIO DAS OSTRAS;1;
J BELA VISTA;RIO DAS OSTRAS;1;
R LEAO;RIO DAS OSTRAS;1;
CD PRAIANA;RIO DAS OSTRAS;1;
CAMPO MAR;RIO DAS OSTRAS;1;
N ALINCA;RIO DAS OSTRAS;1;
E DO BOSQUE;RIO DAS OSTRAS;1;
PR ANCORA;RIO DAS OSTRAS;1;
P BRAS;RIO DE JANEIRO;1;
E PRAIA;RIO DE JANEIRO;1;
Q B VISTA;RIO DE JANEIRO;1;
IA DO GOVERNADOR;RIO DE JANEIRO;1;
RCR BADEIRANTES;RIO DE JANEIRO;1;
C ELIOSEOS;RIO DE JANEIRO;1;
V KENNEDI;RIO DE JANEIRO;1;
H GUGEL;RIO DE JANEIRO;1;
B TIJUCA, DA;RIO DE JANEIRO;1;
PE PEQUENO;RIO DE JANEIRO;1;
PR QUINZE;RIO DE JANEIRO;1;
ROCINHA II;RIO DE JANEIRO;1;
PARQUE J REDENTOR;RIO DE JANEIRO;1;
S F CHAVIER;RIO DE JANEIRO;1;
JRD AMERICA;RIO DE JANEIRO;1;
PCA MAUA;RIO DE JANEIRO;1;
FV ROCINHA;RIO DE JANEIRO;1;
H GUEGEL;RIO DE JANEIRO;1;
DEL CASTINHO;RIO DE JANEIRO;1;
CJ CESARAO;RIO DE JANEIRO;1;
ALT B VISTA;RIO DE JANEIRO;1;
LIN S DOS VASCONCELOS;RIO DE JANEIRO;1;
N SEEPETIBA;RIO DE JANEIRO;1;
ST CRISTO;RIO DE JANEIRO;1;
ALTO B VISTA;RIO DE JANEIRO;1;
GUADALUPE  ,;RIO DE JANEIRO;1;
B TIJCUA;RIO DE JANEIRO;1;
COMARI 1 D;RIO DE JANEIRO;1;
M DA GRACA;RIO DE JANEIRO;1;
AT DA BOA VISTA;RIO DE JANEIRO;1;
B  PINA;RIO DE JANEIRO;1;
IA PAQUETA;RIO DE JANEIRO;1;
R BADERANTES;RIO DE JANEIRO;1;
C DEDEUS;RIO DE JANEIRO;1;
V JOAO;RIO DE JANEIRO;1;
SN CAMARA;RIO DE JANEIRO;1;
LOTE 10;RIO DE JANEIRO;1;
RCR BANDEIRNTES;RIO DE JANEIRO;1;
PR UNIAO  FAVELA DA  MARE;RIO DE JANEIRO;1;
L VASCONDCELOS;RIO DE JANEIRO;1;
P LUCAS, DE;RIO DE JANEIRO;1;
V PINHEIRO;RIO DE JANEIRO;1;
S CRISTOAO;RIO DE JANEIRO;1;
B DE OINA;RIO DE JANEIRO;1;
V DO JOAO;RIO DE JANEIRO;1;
VG GERAL;RIO DE JANEIRO;1;
D MARTA;RIO DE JANEIRO;1;
T  COELHO;RIO DE JANEIRO;1;
SNT CRUZ;RIO DE JANEIRO;1;
E N OVO;RIO DE JANEIRO;1;
N  HOLANDA;RIO DE JANEIRO;1;
PACIENCIA (CJ URUCRANIA);RIO DE JANEIRO;1;
R ALBUQUERUQE;RIO DE JANEIRO;1;
E NOVA;RIO DE JANEIRO;1;
V COSMOS;RIO DE JANEIRO;1;
V  DE CARVALHO;RIO DE JANEIRO;1;
V DE CARVAKO;RIO DE JANEIRO;1;
P N CIDADE;RIO DE JANEIRO;1;
D CASTINHO;RIO DE JANEIRO;1;
S CRUZ.;RIO DE JANEIRO;1;
V CARAVALHO;RIO DE JANEIRO;1;
AL B VISTA;RIO DE JANEIRO;1;
VIC CARVALHO;RIO DE JANEIRO;1;
R  MIRANDA;RIO DE JANEIRO;1;
I PAQUETA;RIO DE JANEIRO;1;
V. CARVALHO;RIO DE JANEIRO;1;
RCR BANDEIRANTES, DOS;RIO DE JANEIRO;1;
S. CRUZ;RIO DE JANEIRO;1;
LGO DO MACHADO;RIO DE JANEIRO;1;
D CASTILIO;RIO DE JANEIRO;1;
D CASTILJHO;RIO DE JANEIRO;1;
S  CRISTOVAO;RIO DE JANEIRO;1;
SA CRUZ;RIO DE JANEIRO;1;
L  VASCONCELOS;RIO DE JANEIRO;1;
JARDIM BANGU III;RIO DE JANEIRO;1;
S CRISTOVA;RIO DE JANEIRO;1;
H GURGAL;RIO DE JANEIRO;1;
P DE LUCAS;RIO DE JANEIRO;1;
L VASCOCELOS;RIO DE JANEIRO;1;
M D QUADRO;SANTA TERESA;1;
S AFRA;SANTO ANTONIO DE PADUA;1;
B DE ITABAPOANA;SAO FRANCISCO DE ITABAPOANA;1;
T B ITABAPOANA;SAO FRANCISCO DE ITABAPOANA;1;
B ITAPABOANA;SAO FRANCISCO DE ITABAPOANA;1;
A MINERAL;SAO GONCALO;1;
JRD CATARINA;SAO GONCALO;1;
R' OURO;SAO GONCALO;1;
J B RETIRO;SAO GONCALO;1;
REI DO OURO;SAO GONCALO;1;
JC CATARINA;SAO GONCALO;1;
JARDIM MEU RETIRO;SAO GONCALO;1;
G BARNCO;SAO GONCALO;1;
S  PONTES;SAO GONCALO;1;
J. CATARINA;SAO GONCALO;1;
J REPUBLICA;SAO GONCALO;1;
JRD BOM RETIRO;SAO GONCALO;1;
SNT CATARINA;SAO GONCALO;1;
RIO D;SAO GONCALO;1;
JM CATARINA;SAO GONCALO;1;
J C NOVO;SAO GONCALO;1;
PT PEDRA;SAO GONCALO;1;
PRO NOVO;SAO GONCALO;1;
P SAO JORGE;SAO GONCALO;1;
MANUEL DA ILHOTA;SAO GONCALO;1;
JARDIM C VELHO;SAO GONCALO;1;
R OURO, DO;SAO GONCALO;1;
QUINTA D RICARDO;SAO GONCALO;1;
MTE FORMOSO;SAO GONCALO;1;
E DO ROCADO;SAO GONCALO;1;
R DAS ACACIAS;SAO GONCALO;1;
REC ACACIAS;SAO GONCALO;1;
N ROMA;SAO GONCALO;1;
C. NOVO;SAO GONCALO;1;
PD FELIZ;SAO GONCALO;1;
SNT LUZIA;SAO GONCALO;1;
B ALMEIRINDA;SAO GONCALO;1;
P S JORGE;SAO GONCALO;1;
ST LUSIA;SAO GONCALO;1;
M APULA;SAO GONCALO;1;
G ROSAS;SAO GONCALO;1;
D OURO;SAO GONCALO;1;
PRT DO ROSA;SAO GONCALO;1;
PRD FELIZ;SAO GONCALO;1;
VD DA CRUZ;SAO GONCALO;1;
B VEMELHO;SAO GONCALO;1;
M NOITE;SAO GONCALO;1;
ZE GARTO;SAO GONCALO;1;
IA ITAOCA;SAO GONCALO;1;
B PEQUENO;SAO GONCALO;1;
MT FORMOSO;SAO GONCALO;1;
PR S JORGE;SAO GONCALO;1;
P FELIZ;SAO GONCALO;1;
E PEQUENHO;SAO GONCALO;1;
V CANDOSA;SAO GONCALO;1;
R D;SAO GONCALO;1;
G BRANGO;SAO GONCALO;1;
B ACU;SAO JOAO DA BARRA;1;
BARA DO ACU;SAO JOAO DA BARRA;1;
JARDIM DIMAS SIO;SAO JOAO DE MERITI;1;
J BOTANICO;SAO JOAO DE MERITI;1;
P ANALANDIA;SAO JOAO DE MERITI;1;
JS IRIS;SAO JOAO DE MERITI;1;
ENG BELORD;SAO JOAO DE MERITI;1;
PARQUE S NICOLAO;SAO JOAO DE MERITI;1;
LGO DO GUEDES;SAO JOAO DE MERITI;1;
JRD IRIS;SAO JOAO DE MERITI;1;
JARDIM J BOTANICO;SAO JOAO DE MERITI;1;
V RUTH;SAO JOAO DE MERITI;1;
ENGENHEIRO BEL FORD;SAO JOAO DE MERITI;1;
JS S ANTONIO;SAO JOAO DE MERITI;1;
J ALEGRIA;SAO JOAO DE MERITI;1;
PARQUE NV RIO;SAO JOAO DE MERITI;1;
NV RIO;SAO JOAO DE MERITI;1;
ENG BELFORT;SAO JOAO DE MERITI;1;
J METROPOLES;SAO JOAO DE MERITI;1;
JM SUMARE;SAO JOAO DE MERITI;1;
PQR TIETE;SAO JOAO DE MERITI;1;
P ALIAN;SAO JOAO DE MERITI;1;
G PRETO;SAO JOAO DE MERITI;1;
PARQUE ANA LANDIA;SAO JOAO DE MERITI;1;
J SUMARE;SAO JOAO DE MERITI;1;
J MERITI;SAO JOAO DE MERITI;1;
PEQ ARARUAMA;SAO JOAO DE MERITI;1;
J METROPOLE;SAO JOAO DE MERITI;1;
S MATEU;SAO JOAO DE MERITI;1;
S J MERITI;SAO JOAO DE MERITI;1;
S J NEPOMUCENO;SAO JOAO NEPOMUCENO;1;
PRG VERA LUCIA;SAO JOSE DO VALE DO RIO PRETO;1;
P MORELI;SAO JOSE DO VALE DO RIO PRETO;1;
R GUARAPIRANGA;SAO PAULO;1;
P INGLESA;SAO PAULO;1;
BALNEARIO DE S PEDRO;SAO PEDRO DA ALDEIA;1;
S M FILHINHO;SAO PEDRO DA ALDEIA;1;
PT ALDEIA;SAO PEDRO DA ALDEIA;1;
P AMBROSIO;SAO PEDRO DA ALDEIA;1;
B NAVAL;SAO PEDRO DA ALDEIA;1;
R DO FOGO;SAO PEDRO DA ALDEIA;1;
A REDONDO;SAO PEDRO DA ALDEIA;1;
PARQUE D MENINOS;SAO PEDRO DA ALDEIA;1;
PR BALEIA DA;SAO PEDRO DA ALDEIA;1;
VAZ GRANDE;SAO PEDRO DA ALDEIA;1;
PRT ALDEIA, DA;SAO PEDRO DA ALDEIA;1;
BALNEARIO S MARIA;SAO PEDRO DA ALDEIA;1;
PT D'AGUA;SAO PEDRO DA ALDEIA;1;
REC SOL;SAO PEDRO DA ALDEIA;1;
B S PEDRO;SAO PEDRO DA ALDEIA;1;
PRAIA DO SOL;SAO PEDRO DA ALDEIA;1;
S MATEUS FILHINHO;SAO PEDRO DA ALDEIA;1;
PORTO D;SAO PEDRO DA ALDEIA;1;
PR SUDOESTE;SAO PEDRO DA ALDEIA;1;
CP REDONDO;SAO PEDRO DA ALDEIA;1;
P BALEIA;SAO PEDRO DA ALDEIA;1;
PAU FERRO;SAO PEDRO DA ALDEIA;1;
R DO SOL;SAO PEDRO DA ALDEIA;1;
VILA N S APARECIDA;SAPUCAIA;1;
V DO PIAO;SAPUCAIA;1;
NV ITAUNA;SAQUAREMA;1;
PR VILA, DA;SAQUAREMA;1;
L MELO;SAQUAREMA;1;
V QUATRO;SAQUAREMA;1;
B QUENTE;SAQUAREMA;1;
P DA ROCA;SAQUAREMA;1;
N ITAUNA;SAQUAREMA;1;
VILA PUR;SAQUAREMA;1;
R AREIA;SAQUAREMA;1;
PRT ROSA;SAQUAREMA;1;
S CORREA;SAQUAREMA;1;
PR DA VILA;SAQUAREMA;1;
V VALE;SAQUAREMA;1;
S. SOFIA;SEROPEDICA;1;
QUARENTA E UM;SEROPEDICA;1;
J SAO JORGE;SEROPEDICA;1;
CINQUENTA E QUATRO;SEROPEDICA;1;
FAZENDA D CAXIAS;SEROPEDICA;1;
PARQUE DOM BOSCO;SEROPEDICA;1;
BAO FE;SEROPEDICA;1;
DJ DAS ACACIAS;SEROPEDICA;1;
KM 7;SEROPEDICA;1;
J MARAJOARA;SEROPEDICA;1;
C DO RIO;SEROPEDICA;1;
A LINDA;SEROPEDICA;1;
KM - 40;SEROPEDICA;1;
JS ACASSIA;SEROPEDICA;1;
R PIRANEMA;SEROPEDICA;1;
KM 54;SEROPEDICA;1;
B SEIS;SEROPEDICA;1;
ST SOFIA;SEROPEDICA;1;
B ESPEREANCA;SEROPEDICA;1;
FEU ROSA;SERRA;1;
NV CARAPINA I;SERRA;1;
N S LAPA;SILVA JARDIM;1;
JRD GUARUJA;SOROCABA;1;
BANDEIRANTE 2;TANGUA;1;
B DOIS;TANGUA;1;
GLEBA I;TANGUA;1;
CHACARA BANDEIRANTES 2;TANGUA;1;
GLEBA UM;TANGUA;1;
C PRETA;TANGUA;1;
C SATELITE;TANGUA;1;
BANDEIRANTES 1;TANGUA;1;
V CORTEZ;TANGUA;1;
BANDERANTE I;TANGUA;1;
L VERDE;TANGUA;1;
V PIAO;TERESOPOLIS;1;
P IMBUI;TERESOPOLIS;1;
C IMBUI;TERESOPOLIS;1;
C AMORES;TERESOPOLIS;1;
CRUZEIRO (II DISTRITO);TERESOPOLIS;1;
G COMARI;TERESOPOLIS;1;
MEU DOM;TERESOPOLIS;1;
PARQUE S LUIZ;TERESOPOLIS;1;
A QUENTE;TERESOPOLIS;1;
S ETELVINA;TIRADENTES;1;
V IMBE;TRAJANO DE MORAIS;1;
M MENDONCA;TRAJANO DE MORAIS;1;
MORRO CTB;TRES RIOS;1;
NV HABITAT;TRES RIOS;1;
M BRASIL;TRES RIOS;1;
CDOR L GASPARIANO;TRES RIOS;1;
K 30;TRES RIOS;1;
R DIREITA;TRES RIOS;1;
M CAETANOS;TRES RIOS;1;
S EDWIGES;UBA;1;
B DE JUPARANA;VALENCA;1;
N SRA LOURDES;VALENCA;1;
S AMALIA;VASSOURAS;1;
M AZUL;VASSOURAS;1;
B PEDRA, DE;VASSOURAS;1;
S RESIDENCIA;VASSOURAS;1;
S MONICA;VILA VELHA;1;
VLE FLORES;VISCONDE DE MAUA;1;
PR DO CANTO;VITORIA;1;
PR CANTO;VITORIA;1;
P MEDICE;VITORIA;1;
I PARQUE;VOLTA REDONDA;1;
ESTRELA DE FATIMA III;VOLTA REDONDA;1;
T POCOS;VOLTA REDONDA;1;
DIVISA II;VOLTA REDONDA;1;
M CAMPO;VOLTA REDONDA;1;
VOLTA GRANDE 2;VOLTA REDONDA;1;
STO AGOSTINHO;VOLTA REDONDA;1;
VILA R OURO VERDE;VOLTA REDONDA;1;
B CRAVO;VOLTA REDONDA;1;
ROMA II;VOLTA REDONDA;1;
JARDIM VL RICA - TIRADENTES;VOLTA REDONDA;1;
V REDONDA;VOLTA REDONDA;1;
P JOSINO;VOLTA REDONDA;1;
ZE DOCA;ZE DOCA;1;